
Tiles:   0%|          | 0/424 [00:00<?, ?it/s]
Tiles:   0%|          | 1/424 [00:01<08:39,  1.23s/it]
Tiles:   3%|▎         | 12/424 [00:01<00:34, 12.08it/s]
Tiles:   5%|▌         | 23/424 [00:01<00:16, 24.48it/s]
Tiles:   8%|▊         | 34/424 [00:01<00:10, 37.53it/s]
Tiles:  11%|█         | 45/424 [00:01<00:07, 50.19it/s]
Tiles:  13%|█▎        | 56/424 [00:01<00:05, 61.61it/s]
Tiles:  16%|█▌        | 67/424 [00:01<00:04, 71.72it/s]
Tiles:  18%|█▊        | 78/424 [00:01<00:04, 79.66it/s]
Tiles:  21%|██        | 89/424 [00:02<00:03, 85.88it/s]
Tiles:  24%|██▎       | 100/424 [00:02<00:03, 91.46it/s]
Tiles:  26%|██▌       | 111/424 [00:02<00:03, 93.55it/s]
Tiles:  29%|██▉       | 122/424 [00:02<00:03, 96.26it/s]
Tiles:  31%|███▏      | 133/424 [00:02<00:02, 99.71it/s]
Tiles:  34%|███▍      | 144/424 [00:02<00:02, 101.15it/s]
Tiles:  37%|███▋      | 155/424 [00:02<00:02, 102.55it/s]
Tiles:  39%|███▉      | 166/424 [00:02<00:02, 102.33it/s]
Tiles:  42%|████▏     | 177/424 [00:02<00:02, 103.38it/s]
Tiles:  45%|████▍     | 189/424 [00:03<00:02, 105.71it/s]
Tiles:  47%|████▋     | 200/424 [00:03<00:02, 105.88it/s]
Tiles:  50%|████▉     | 211/424 [00:03<00:02, 104.97it/s]
Tiles:  52%|█████▏    | 222/424 [00:03<00:01, 104.36it/s]
Tiles:  55%|█████▍    | 233/424 [00:03<00:01, 103.05it/s]
Tiles:  58%|█████▊    | 244/424 [00:03<00:01, 101.96it/s]
Tiles:  60%|██████    | 255/424 [00:03<00:01, 100.96it/s]
Tiles:  63%|██████▎   | 266/424 [00:03<00:01, 101.31it/s]
Tiles:  65%|██████▌   | 277/424 [00:03<00:01, 102.75it/s]
Tiles:  68%|██████▊   | 288/424 [00:03<00:01, 100.84it/s]
Tiles:  71%|███████   | 299/424 [00:04<00:01, 101.13it/s]
Tiles:  73%|███████▎  | 310/424 [00:04<00:01, 100.78it/s]
Tiles:  76%|███████▌  | 321/424 [00:04<00:01, 100.90it/s]
Tiles:  78%|███████▊  | 332/424 [00:04<00:00, 101.44it/s]
Tiles:  81%|████████  | 343/424 [00:04<00:00, 100.39it/s]
Tiles:  83%|████████▎ | 354/424 [00:04<00:00, 102.02it/s]
Tiles:  86%|████████▌ | 365/424 [00:04<00:00, 101.54it/s]
Tiles:  89%|████████▊ | 376/424 [00:04<00:00, 103.76it/s]
Tiles:  91%|█████████▏| 387/424 [00:04<00:00, 102.05it/s]
Tiles:  94%|█████████▍| 398/424 [00:05<00:00, 100.82it/s]
Tiles:  96%|█████████▋| 409/424 [00:05<00:00, 101.42it/s]
Tiles:  99%|█████████▉| 420/424 [00:05<00:00, 102.07it/s]
Tiles: 100%|██████████| 424/424 [00:05<00:00, 79.42it/s] 

Details:   0%|          | 0/424 [00:00<?, ?it/s]
Details:   0%|          | 1/424 [00:01<11:44,  1.66s/it]
Details:   0%|          | 2/424 [00:01<05:34,  1.26it/s]
Details:   1%|          | 3/424 [00:02<03:34,  1.97it/s]
Details:   1%|          | 4/424 [00:02<02:36,  2.68it/s]
Details:   1%|          | 5/424 [00:02<02:02,  3.43it/s]
Details:   1%|▏         | 6/424 [00:02<01:48,  3.87it/s]
Details:   2%|▏         | 7/424 [00:02<01:37,  4.30it/s]
Details:   2%|▏         | 8/424 [00:02<01:31,  4.56it/s]
Details:   2%|▏         | 9/424 [00:03<01:25,  4.85it/s]
Details:   2%|▏         | 10/424 [00:03<01:36,  4.31it/s]
Details:   3%|▎         | 11/424 [00:03<01:28,  4.69it/s]
Details:   3%|▎         | 12/424 [00:03<01:23,  4.92it/s]
Details:   3%|▎         | 13/424 [00:03<01:21,  5.04it/s]
Details:   3%|▎         | 14/424 [00:04<01:16,  5.37it/s]
Details:   4%|▎         | 15/424 [00:04<01:30,  4.52it/s]
Details:   4%|▍         | 16/424 [00:04<01:26,  4.70it/s]
Details:   4%|▍         | 17/424 [00:04<01:23,  4.86it/s]
Details:   4%|▍         | 18/424 [00:04<01:22,  4.90it/s]
Details:   4%|▍         | 19/424 [00:05<01:21,  4.99it/s]
Details:   5%|▍         | 20/424 [00:05<01:23,  4.85it/s]
Details:   5%|▍         | 21/424 [00:05<01:20,  4.98it/s]
Details:   5%|▌         | 22/424 [00:05<01:20,  4.99it/s]
Details:   5%|▌         | 23/424 [00:05<01:18,  5.13it/s]
Details:   6%|▌         | 24/424 [00:06<01:22,  4.87it/s]
Details:   6%|▌         | 25/424 [00:06<01:22,  4.84it/s]
Details:   6%|▌         | 26/424 [00:06<01:20,  4.96it/s]
Details:   6%|▋         | 27/424 [00:06<01:23,  4.74it/s]
Details:   7%|▋         | 28/424 [00:06<01:18,  5.02it/s]
Details:   7%|▋         | 29/424 [00:07<01:16,  5.16it/s]
Details:   7%|▋         | 30/424 [00:07<01:24,  4.66it/s]
Details:   7%|▋         | 31/424 [00:07<01:17,  5.06it/s]
Details:   8%|▊         | 32/424 [00:07<01:12,  5.44it/s]
Details:   8%|▊         | 33/424 [00:07<01:08,  5.69it/s]
Details:   8%|▊         | 34/424 [00:08<01:09,  5.61it/s]
Details:   8%|▊         | 35/424 [00:08<01:34,  4.11it/s]
Details:   8%|▊         | 36/424 [00:08<01:33,  4.17it/s]
Details:   9%|▊         | 37/424 [00:08<01:27,  4.42it/s]
Details:   9%|▉         | 38/424 [00:09<01:22,  4.68it/s]
Details:   9%|▉         | 39/424 [00:09<01:20,  4.76it/s]
Details:   9%|▉         | 40/424 [00:09<01:21,  4.74it/s]
Details:  10%|▉         | 41/424 [00:09<01:17,  4.94it/s]
Details:  10%|▉         | 42/424 [00:09<01:14,  5.10it/s]
Details:  10%|█         | 43/424 [00:10<01:12,  5.28it/s]
Details:  10%|█         | 44/424 [00:10<01:40,  3.77it/s]
Details:  11%|█         | 45/424 [00:10<01:31,  4.15it/s]
Details:  11%|█         | 46/424 [00:10<01:27,  4.32it/s]
Details:  11%|█         | 47/424 [00:11<01:21,  4.60it/s]
Details:  11%|█▏        | 48/424 [00:11<01:44,  3.62it/s]
Details:  12%|█▏        | 49/424 [00:11<01:35,  3.93it/s]
Details:  12%|█▏        | 50/424 [00:11<01:28,  4.22it/s]
Details:  12%|█▏        | 51/424 [00:12<01:21,  4.57it/s]
Details:  12%|█▏        | 52/424 [00:12<01:14,  5.02it/s]
Details:  12%|█▎        | 53/424 [00:12<01:17,  4.78it/s]
Details:  13%|█▎        | 54/424 [00:12<01:12,  5.09it/s]
Details:  13%|█▎        | 55/424 [00:12<01:19,  4.63it/s]
Details:  13%|█▎        | 56/424 [00:13<01:17,  4.77it/s]
Details:  13%|█▎        | 57/424 [00:13<01:42,  3.59it/s]
Details:  14%|█▎        | 58/424 [00:13<01:31,  3.98it/s]
Details:  14%|█▍        | 59/424 [00:13<01:24,  4.31it/s]
Details:  14%|█▍        | 60/424 [00:14<01:19,  4.59it/s]
Details:  14%|█▍        | 61/424 [00:14<01:18,  4.62it/s]
Details:  15%|█▍        | 62/424 [00:14<01:14,  4.88it/s]
Details:  15%|█▍        | 63/424 [00:14<01:11,  5.04it/s]
Details:  15%|█▌        | 64/424 [00:14<01:08,  5.26it/s]
Details:  15%|█▌        | 65/424 [00:14<01:04,  5.60it/s]
Details:  16%|█▌        | 66/424 [00:15<01:02,  5.69it/s]
Details:  16%|█▌        | 67/424 [00:15<01:18,  4.52it/s]
Details:  16%|█▌        | 68/424 [00:15<01:16,  4.64it/s]
Details:  16%|█▋        | 69/424 [00:15<01:12,  4.87it/s]
Details:  17%|█▋        | 70/424 [00:15<01:10,  5.01it/s]
Details:  17%|█▋        | 71/424 [00:16<01:09,  5.08it/s]
Details:  17%|█▋        | 72/424 [00:16<01:20,  4.38it/s]
Details:  17%|█▋        | 73/424 [00:17<01:52,  3.11it/s]
Details:  17%|█▋        | 74/424 [00:17<01:37,  3.59it/s]
Details:  18%|█▊        | 75/424 [00:17<01:35,  3.65it/s]
Details:  18%|█▊        | 76/424 [00:17<01:28,  3.95it/s]
Details:  18%|█▊        | 77/424 [00:17<01:32,  3.75it/s]
Details:  18%|█▊        | 78/424 [00:18<01:27,  3.96it/s]
Details:  19%|█▊        | 79/424 [00:18<01:31,  3.78it/s]
Details:  19%|█▉        | 80/424 [00:18<01:22,  4.19it/s]
Details:  19%|█▉        | 81/424 [00:18<01:18,  4.36it/s]
Details:  19%|█▉        | 82/424 [00:19<01:34,  3.63it/s]
Details:  20%|█▉        | 83/424 [00:19<01:46,  3.21it/s]
Details:  20%|█▉        | 84/424 [00:19<01:33,  3.64it/s]
Details:  20%|██        | 85/424 [00:21<03:15,  1.73it/s]
Details:  20%|██        | 86/424 [00:21<02:58,  1.90it/s]
Details:  21%|██        | 87/424 [00:22<03:14,  1.73it/s]
Details:  21%|██        | 88/424 [00:22<02:56,  1.91it/s]
Details:  21%|██        | 89/424 [00:22<02:18,  2.42it/s]
Details:  21%|██        | 90/424 [00:23<02:13,  2.51it/s]
Details:  21%|██▏       | 91/424 [00:23<02:40,  2.07it/s]
Details:  22%|██▏       | 92/424 [00:23<02:08,  2.59it/s]
Details:  22%|██▏       | 93/424 [00:24<01:46,  3.10it/s]
Details:  22%|██▏       | 94/424 [00:24<01:36,  3.42it/s]
Details:  22%|██▏       | 95/424 [00:25<02:25,  2.26it/s]
Details:  23%|██▎       | 96/424 [00:25<02:02,  2.68it/s]
Details:  23%|██▎       | 97/424 [00:25<01:48,  3.01it/s]
Details:  23%|██▎       | 98/424 [00:26<01:58,  2.75it/s]
Details:  23%|██▎       | 99/424 [00:26<02:31,  2.14it/s]
Details:  24%|██▎       | 100/424 [00:26<02:05,  2.59it/s]
Details:  24%|██▍       | 101/424 [00:27<01:43,  3.12it/s]
Details:  24%|██▍       | 102/424 [00:27<02:23,  2.25it/s]
Details:  24%|██▍       | 103/424 [00:28<02:33,  2.09it/s]
Details:  25%|██▍       | 104/424 [00:29<02:59,  1.79it/s]
Details:  25%|██▍       | 105/424 [00:29<02:49,  1.88it/s]
Details:  25%|██▌       | 106/424 [00:29<02:18,  2.30it/s]
Details:  25%|██▌       | 107/424 [00:30<01:54,  2.76it/s]
Details:  25%|██▌       | 108/424 [00:30<02:21,  2.23it/s]
Details:  26%|██▌       | 109/424 [00:30<02:01,  2.58it/s]
Details:  26%|██▌       | 110/424 [00:31<01:41,  3.08it/s]
Details:  26%|██▌       | 111/424 [00:31<01:52,  2.78it/s]
Details:  26%|██▋       | 112/424 [00:31<01:38,  3.16it/s]
Details:  27%|██▋       | 113/424 [00:31<01:25,  3.64it/s]
Details:  27%|██▋       | 114/424 [00:32<01:20,  3.86it/s]
Details:  27%|██▋       | 115/424 [00:32<01:12,  4.28it/s]
Details:  27%|██▋       | 116/424 [00:32<01:09,  4.46it/s]
Details:  28%|██▊       | 117/424 [00:32<01:08,  4.47it/s]
Details:  28%|██▊       | 118/424 [00:32<01:08,  4.46it/s]
Details:  28%|██▊       | 119/424 [00:33<01:05,  4.62it/s]
Details:  28%|██▊       | 120/424 [00:33<01:23,  3.62it/s]
Details:  29%|██▊       | 121/424 [00:33<01:13,  4.12it/s]
Details:  29%|██▉       | 122/424 [00:33<01:06,  4.56it/s]
Details:  29%|██▉       | 123/424 [00:34<01:01,  4.93it/s]
Details:  29%|██▉       | 124/424 [00:34<01:10,  4.27it/s]
Details:  29%|██▉       | 125/424 [00:34<01:15,  3.93it/s]
Details:  30%|██▉       | 126/424 [00:34<01:09,  4.31it/s]
Details:  30%|██▉       | 127/424 [00:35<01:03,  4.65it/s]
Details:  30%|███       | 128/424 [00:35<01:07,  4.37it/s]
Details:  30%|███       | 129/424 [00:35<01:04,  4.54it/s]
Details:  31%|███       | 130/424 [00:35<01:03,  4.66it/s]
Details:  31%|███       | 131/424 [00:35<01:02,  4.72it/s]
Details:  31%|███       | 132/424 [00:36<01:00,  4.81it/s]
Details:  31%|███▏      | 133/424 [00:36<01:00,  4.77it/s]
Details:  32%|███▏      | 134/424 [00:36<00:59,  4.89it/s]
Details:  32%|███▏      | 135/424 [00:36<00:59,  4.84it/s]
Details:  32%|███▏      | 136/424 [00:36<00:58,  4.96it/s]
Details:  32%|███▏      | 137/424 [00:37<00:56,  5.06it/s]
Details:  33%|███▎      | 138/424 [00:37<00:57,  4.95it/s]
Details:  33%|███▎      | 139/424 [00:37<01:18,  3.63it/s]
Details:  33%|███▎      | 140/424 [00:37<01:12,  3.93it/s]
Details:  33%|███▎      | 141/424 [00:38<01:04,  4.37it/s]
Details:  33%|███▎      | 142/424 [00:38<01:09,  4.05it/s]
Details:  34%|███▎      | 143/424 [00:39<01:47,  2.62it/s]
Details:  34%|███▍      | 144/424 [00:39<01:33,  2.99it/s]
Details:  34%|███▍      | 145/424 [00:39<01:35,  2.93it/s]
Details:  34%|███▍      | 146/424 [00:40<01:33,  2.97it/s]
Details:  35%|███▍      | 147/424 [00:40<01:20,  3.42it/s]
Details:  35%|███▍      | 148/424 [00:40<01:37,  2.84it/s]
Details:  35%|███▌      | 149/424 [00:40<01:23,  3.30it/s]
Details:  35%|███▌      | 150/424 [00:41<01:12,  3.77it/s]
Details:  36%|███▌      | 151/424 [00:41<01:07,  4.04it/s]
Details:  36%|███▌      | 152/424 [00:41<01:04,  4.19it/s]
Details:  36%|███▌      | 153/424 [00:41<01:01,  4.39it/s]
Details:  36%|███▋      | 154/424 [00:42<01:24,  3.18it/s]
Details:  37%|███▋      | 155/424 [00:42<01:47,  2.49it/s]
Details:  37%|███▋      | 156/424 [00:43<01:33,  2.85it/s]
Details:  37%|███▋      | 157/424 [00:43<02:19,  1.92it/s]
Details:  37%|███▋      | 158/424 [00:44<02:23,  1.85it/s]
Details:  38%|███▊      | 159/424 [00:44<02:01,  2.18it/s]
Details:  38%|███▊      | 160/424 [00:45<01:47,  2.45it/s]
Details:  38%|███▊      | 161/424 [00:45<01:58,  2.21it/s]
Details:  38%|███▊      | 162/424 [00:45<01:40,  2.62it/s]
Details:  38%|███▊      | 163/424 [00:46<01:26,  3.02it/s]
Details:  39%|███▊      | 164/424 [00:46<01:49,  2.38it/s]
Details:  39%|███▉      | 165/424 [00:47<01:38,  2.64it/s]
Details:  39%|███▉      | 166/424 [00:47<01:29,  2.89it/s]
Details:  39%|███▉      | 167/424 [00:47<01:46,  2.41it/s]
Details:  40%|███▉      | 168/424 [00:48<01:34,  2.72it/s]
Details:  40%|███▉      | 169/424 [00:48<01:51,  2.29it/s]
Details:  40%|████      | 170/424 [00:48<01:32,  2.76it/s]
Details:  40%|████      | 171/424 [00:49<01:19,  3.19it/s]
Details:  41%|████      | 172/424 [00:49<01:53,  2.22it/s]
Details:  41%|████      | 173/424 [00:50<01:36,  2.59it/s]
Details:  41%|████      | 174/424 [00:50<01:21,  3.05it/s]
Details:  41%|████▏     | 175/424 [00:50<01:31,  2.71it/s]
Details:  42%|████▏     | 176/424 [00:51<01:29,  2.78it/s]
Details:  42%|████▏     | 177/424 [00:51<01:20,  3.05it/s]
Details:  42%|████▏     | 178/424 [00:51<01:12,  3.38it/s]
Details:  42%|████▏     | 179/424 [00:51<01:07,  3.61it/s]
Details:  42%|████▏     | 180/424 [00:52<01:02,  3.91it/s]
Details:  43%|████▎     | 181/424 [00:52<01:00,  4.02it/s]
Details:  43%|████▎     | 182/424 [00:52<01:04,  3.75it/s]
Details:  43%|████▎     | 183/424 [00:52<01:01,  3.95it/s]
Details:  43%|████▎     | 184/424 [00:52<00:56,  4.26it/s]
Details:  44%|████▎     | 185/424 [00:53<00:53,  4.45it/s]
Details:  44%|████▍     | 186/424 [00:53<00:52,  4.55it/s]
Details:  44%|████▍     | 187/424 [00:53<01:04,  3.69it/s]
Details:  44%|████▍     | 188/424 [00:54<01:01,  3.86it/s]
Details:  45%|████▍     | 189/424 [00:54<00:56,  4.15it/s]
Details:  45%|████▍     | 190/424 [00:54<00:53,  4.39it/s]
Details:  45%|████▌     | 191/424 [00:54<00:49,  4.70it/s]
Details:  45%|████▌     | 192/424 [00:54<00:48,  4.79it/s]
Details:  46%|████▌     | 193/424 [00:55<01:23,  2.75it/s]
Details:  46%|████▌     | 194/424 [00:55<01:13,  3.15it/s]
Details:  46%|████▌     | 195/424 [00:55<01:03,  3.62it/s]
Details:  46%|████▌     | 196/424 [00:56<01:04,  3.52it/s]
Details:  46%|████▋     | 197/424 [00:56<01:23,  2.71it/s]
Details:  47%|████▋     | 198/424 [00:57<01:20,  2.81it/s]
Details:  47%|████▋     | 199/424 [00:57<01:41,  2.21it/s]
Details:  47%|████▋     | 200/424 [00:57<01:23,  2.68it/s]
Details:  47%|████▋     | 201/424 [00:58<01:10,  3.15it/s]
Details:  48%|████▊     | 202/424 [00:58<01:01,  3.64it/s]
Details:  48%|████▊     | 203/424 [00:58<00:55,  4.01it/s]
Details:  48%|████▊     | 204/424 [00:58<00:54,  4.02it/s]
Details:  48%|████▊     | 205/424 [00:59<01:32,  2.36it/s]
Details:  49%|████▊     | 206/424 [00:59<01:24,  2.58it/s]
Details:  49%|████▉     | 207/424 [01:00<01:10,  3.07it/s]
Details:  49%|████▉     | 208/424 [01:00<01:02,  3.43it/s]
Details:  49%|████▉     | 209/424 [01:00<01:03,  3.38it/s]
Details:  50%|████▉     | 210/424 [01:01<01:16,  2.79it/s]
Details:  50%|████▉     | 211/424 [01:01<01:04,  3.32it/s]
Details:  50%|█████     | 212/424 [01:01<00:56,  3.75it/s]
Details:  50%|█████     | 213/424 [01:02<01:13,  2.89it/s]
Details:  50%|█████     | 214/424 [01:02<01:03,  3.31it/s]
Details:  51%|█████     | 215/424 [01:02<00:55,  3.76it/s]
Details:  51%|█████     | 216/424 [01:02<00:52,  3.98it/s]
Details:  51%|█████     | 217/424 [01:03<01:07,  3.08it/s]
Details:  51%|█████▏    | 218/424 [01:03<01:30,  2.27it/s]
Details:  52%|█████▏    | 219/424 [01:04<01:46,  1.92it/s]
Details:  52%|█████▏    | 220/424 [01:05<02:15,  1.51it/s]
Details:  52%|█████▏    | 221/424 [01:06<02:16,  1.49it/s]
Details:  52%|█████▏    | 222/424 [01:06<02:06,  1.60it/s]
Details:  53%|█████▎    | 223/424 [01:07<01:54,  1.75it/s]
Details:  53%|█████▎    | 224/424 [01:08<02:17,  1.46it/s]
Details:  53%|█████▎    | 225/424 [01:08<02:24,  1.38it/s]
Details:  53%|█████▎    | 226/424 [01:09<02:21,  1.40it/s]
Details:  54%|█████▎    | 227/424 [01:10<02:19,  1.41it/s]
Details:  54%|█████▍    | 228/424 [01:11<02:18,  1.41it/s]
Details:  54%|█████▍    | 229/424 [01:11<02:20,  1.38it/s]
Details:  54%|█████▍    | 230/424 [01:12<01:51,  1.74it/s]
Details:  54%|█████▍    | 231/424 [01:12<01:27,  2.21it/s]
Details:  55%|█████▍    | 232/424 [01:12<01:20,  2.39it/s]
Details:  55%|█████▍    | 233/424 [01:13<01:33,  2.03it/s]
Details:  55%|█████▌    | 234/424 [01:13<01:16,  2.50it/s]
Details:  55%|█████▌    | 235/424 [01:13<01:01,  3.05it/s]
Details:  56%|█████▌    | 236/424 [01:13<00:53,  3.53it/s]
Details:  56%|█████▌    | 237/424 [01:14<01:09,  2.70it/s]
Details:  56%|█████▌    | 238/424 [01:14<01:02,  2.98it/s]
Details:  56%|█████▋    | 239/424 [01:14<00:53,  3.46it/s]
Details:  57%|█████▋    | 240/424 [01:15<00:56,  3.23it/s]
Details:  57%|█████▋    | 241/424 [01:15<00:49,  3.71it/s]
Details:  57%|█████▋    | 242/424 [01:16<01:17,  2.34it/s]
Details:  57%|█████▋    | 243/424 [01:16<01:03,  2.84it/s]
Details:  58%|█████▊    | 244/424 [01:16<00:54,  3.29it/s]
Details:  58%|█████▊    | 245/424 [01:17<01:23,  2.13it/s]
Details:  58%|█████▊    | 246/424 [01:17<01:09,  2.56it/s]
Details:  58%|█████▊    | 247/424 [01:17<00:58,  3.03it/s]
Details:  58%|█████▊    | 248/424 [01:17<00:58,  3.01it/s]
Details:  59%|█████▊    | 249/424 [01:18<01:17,  2.25it/s]
Details:  59%|█████▉    | 250/424 [01:19<01:12,  2.39it/s]
Details:  59%|█████▉    | 251/424 [01:19<01:00,  2.88it/s]
Details:  59%|█████▉    | 252/424 [01:19<00:52,  3.26it/s]
Details:  60%|█████▉    | 253/424 [01:19<00:46,  3.68it/s]
Details:  60%|█████▉    | 254/424 [01:20<01:00,  2.82it/s]
Details:  60%|██████    | 255/424 [01:20<00:50,  3.32it/s]
Details:  60%|██████    | 256/424 [01:20<00:47,  3.52it/s]
Details:  61%|██████    | 257/424 [01:20<00:40,  4.08it/s]
Details:  61%|██████    | 258/424 [01:20<00:37,  4.46it/s]
Details:  61%|██████    | 259/424 [01:21<00:57,  2.88it/s]
Details:  61%|██████▏   | 260/424 [01:21<00:58,  2.82it/s]
Details:  62%|██████▏   | 261/424 [01:22<00:48,  3.33it/s]
Details:  62%|██████▏   | 262/424 [01:22<00:46,  3.50it/s]
Details:  62%|██████▏   | 263/424 [01:22<00:51,  3.15it/s]
Details:  62%|██████▏   | 264/424 [01:23<00:59,  2.71it/s]
Details:  62%|██████▎   | 265/424 [01:23<00:54,  2.92it/s]
Details:  63%|██████▎   | 266/424 [01:23<00:50,  3.11it/s]
Details:  63%|██████▎   | 267/424 [01:24<01:13,  2.13it/s]
Details:  63%|██████▎   | 268/424 [01:24<00:59,  2.61it/s]
Details:  63%|██████▎   | 269/424 [01:25<00:52,  2.97it/s]
Details:  64%|██████▎   | 270/424 [01:25<00:46,  3.34it/s]
Details:  64%|██████▍   | 271/424 [01:25<00:40,  3.75it/s]
Details:  64%|██████▍   | 272/424 [01:25<00:36,  4.13it/s]
Details:  64%|██████▍   | 273/424 [01:25<00:35,  4.31it/s]
Details:  65%|██████▍   | 274/424 [01:26<00:33,  4.52it/s]
Details:  65%|██████▍   | 275/424 [01:26<00:31,  4.79it/s]
Details:  65%|██████▌   | 276/424 [01:26<00:30,  4.92it/s]
Details:  65%|██████▌   | 277/424 [01:26<00:32,  4.47it/s]
Details:  66%|██████▌   | 278/424 [01:26<00:31,  4.67it/s]
Details:  66%|██████▌   | 279/424 [01:27<00:35,  4.13it/s]
Details:  66%|██████▌   | 280/424 [01:27<00:32,  4.42it/s]
Details:  66%|██████▋   | 281/424 [01:27<00:31,  4.58it/s]
Details:  67%|██████▋   | 282/424 [01:28<00:51,  2.73it/s]
Details:  67%|██████▋   | 283/424 [01:28<01:05,  2.14it/s]
Details:  67%|██████▋   | 284/424 [01:29<01:04,  2.18it/s]
Details:  67%|██████▋   | 285/424 [01:29<00:51,  2.71it/s]
Details:  67%|██████▋   | 286/424 [01:30<00:54,  2.54it/s]
Details:  68%|██████▊   | 287/424 [01:30<01:12,  1.89it/s]
Details:  68%|██████▊   | 288/424 [01:31<00:58,  2.34it/s]
Details:  68%|██████▊   | 289/424 [01:31<00:48,  2.78it/s]
Details:  68%|██████▊   | 290/424 [01:31<00:41,  3.21it/s]
Details:  69%|██████▊   | 291/424 [01:31<00:39,  3.34it/s]
Details:  69%|██████▉   | 292/424 [01:32<00:45,  2.92it/s]
Details:  69%|██████▉   | 293/424 [01:32<00:38,  3.36it/s]
Details:  69%|██████▉   | 294/424 [01:32<00:36,  3.58it/s]
Details:  70%|██████▉   | 295/424 [01:32<00:33,  3.85it/s]
Details:  70%|██████▉   | 296/424 [01:33<00:35,  3.60it/s]
Details:  70%|███████   | 297/424 [01:33<00:32,  3.93it/s]
Details:  70%|███████   | 298/424 [01:34<00:50,  2.50it/s]
Details:  71%|███████   | 299/424 [01:34<00:50,  2.50it/s]
Details:  71%|███████   | 300/424 [01:34<00:42,  2.92it/s]
Details:  71%|███████   | 301/424 [01:35<00:51,  2.41it/s]
Details:  71%|███████   | 302/424 [01:36<01:03,  1.93it/s]
Details:  71%|███████▏  | 303/424 [01:36<00:51,  2.34it/s]
Details:  72%|███████▏  | 304/424 [01:36<00:42,  2.79it/s]
Details:  72%|███████▏  | 305/424 [01:36<00:38,  3.09it/s]
Details:  72%|███████▏  | 306/424 [01:36<00:33,  3.55it/s]
Details:  72%|███████▏  | 307/424 [01:37<00:30,  3.86it/s]
Details:  73%|███████▎  | 308/424 [01:37<00:44,  2.59it/s]
Details:  73%|███████▎  | 309/424 [01:37<00:39,  2.93it/s]
Details:  73%|███████▎  | 310/424 [01:38<00:37,  3.04it/s]
Details:  73%|███████▎  | 311/424 [01:38<00:31,  3.55it/s]
Details:  74%|███████▎  | 312/424 [01:38<00:28,  3.92it/s]
Details:  74%|███████▍  | 313/424 [01:39<00:37,  2.96it/s]
Details:  74%|███████▍  | 314/424 [01:39<00:41,  2.63it/s]
Details:  74%|███████▍  | 315/424 [01:39<00:35,  3.08it/s]
Details:  75%|███████▍  | 316/424 [01:40<00:58,  1.86it/s]
Details:  75%|███████▍  | 317/424 [01:41<00:55,  1.92it/s]
Details:  75%|███████▌  | 318/424 [01:41<00:44,  2.40it/s]
Details:  75%|███████▌  | 319/424 [01:42<00:54,  1.91it/s]
Details:  75%|███████▌  | 320/424 [01:42<00:44,  2.31it/s]
Details:  76%|███████▌  | 321/424 [01:42<00:36,  2.81it/s]
Details:  76%|███████▌  | 322/424 [01:42<00:31,  3.24it/s]
Details:  76%|███████▌  | 323/424 [01:43<00:38,  2.63it/s]
Details:  76%|███████▋  | 324/424 [01:44<00:51,  1.93it/s]
Details:  77%|███████▋  | 325/424 [01:44<00:41,  2.38it/s]
Details:  77%|███████▋  | 326/424 [01:44<00:41,  2.38it/s]
Details:  77%|███████▋  | 327/424 [01:45<00:35,  2.71it/s]
Details:  77%|███████▋  | 328/424 [01:45<00:29,  3.21it/s]
Details:  78%|███████▊  | 329/424 [01:45<00:25,  3.67it/s]
Details:  78%|███████▊  | 330/424 [01:45<00:23,  4.03it/s]
Details:  78%|███████▊  | 331/424 [01:45<00:21,  4.25it/s]
Details:  78%|███████▊  | 332/424 [01:46<00:29,  3.09it/s]
Details:  79%|███████▊  | 333/424 [01:46<00:31,  2.87it/s]
Details:  79%|███████▉  | 334/424 [01:47<00:38,  2.36it/s]
Details:  79%|███████▉  | 335/424 [01:47<00:39,  2.25it/s]
Details:  79%|███████▉  | 336/424 [01:48<00:40,  2.17it/s]
Details:  79%|███████▉  | 337/424 [01:48<00:42,  2.04it/s]
Details:  80%|███████▉  | 338/424 [01:49<00:42,  2.00it/s]
Details:  80%|███████▉  | 339/424 [01:49<00:33,  2.50it/s]
Details:  80%|████████  | 340/424 [01:50<00:41,  2.01it/s]
Details:  80%|████████  | 341/424 [01:50<00:33,  2.49it/s]
Details:  81%|████████  | 342/424 [01:50<00:27,  2.99it/s]
Details:  81%|████████  | 343/424 [01:50<00:23,  3.44it/s]
Details:  81%|████████  | 344/424 [01:51<00:27,  2.95it/s]
Details:  81%|████████▏ | 345/424 [01:52<00:36,  2.19it/s]
Details:  82%|████████▏ | 346/424 [01:52<00:29,  2.64it/s]
Details:  82%|████████▏ | 347/424 [01:52<00:24,  3.13it/s]
Details:  82%|████████▏ | 348/424 [01:52<00:21,  3.53it/s]
Details:  82%|████████▏ | 349/424 [01:52<00:19,  3.93it/s]
Details:  83%|████████▎ | 350/424 [01:53<00:28,  2.61it/s]
Details:  83%|████████▎ | 351/424 [01:53<00:23,  3.07it/s]
Details:  83%|████████▎ | 352/424 [01:54<00:22,  3.18it/s]
Details:  83%|████████▎ | 353/424 [01:54<00:21,  3.36it/s]
Details:  83%|████████▎ | 354/424 [01:54<00:19,  3.60it/s]
Details:  84%|████████▎ | 355/424 [01:54<00:17,  4.03it/s]
Details:  84%|████████▍ | 356/424 [01:54<00:15,  4.38it/s]
Details:  84%|████████▍ | 357/424 [01:55<00:22,  3.03it/s]
Details:  84%|████████▍ | 358/424 [01:55<00:18,  3.53it/s]
Details:  85%|████████▍ | 359/424 [01:55<00:16,  3.99it/s]
Details:  85%|████████▍ | 360/424 [01:56<00:16,  3.85it/s]
Details:  85%|████████▌ | 361/424 [01:56<00:15,  4.05it/s]
Details:  85%|████████▌ | 362/424 [01:56<00:14,  4.41it/s]
Details:  86%|████████▌ | 363/424 [01:56<00:16,  3.78it/s]
Details:  86%|████████▌ | 364/424 [01:57<00:16,  3.72it/s]
Details:  86%|████████▌ | 365/424 [01:57<00:16,  3.48it/s]
Details:  86%|████████▋ | 366/424 [01:57<00:15,  3.70it/s]
Details:  87%|████████▋ | 367/424 [01:58<00:15,  3.59it/s]
Details:  87%|████████▋ | 368/424 [01:58<00:18,  2.97it/s]
Details:  87%|████████▋ | 369/424 [01:58<00:19,  2.86it/s]
Details:  87%|████████▋ | 370/424 [01:59<00:17,  3.17it/s]
Details:  88%|████████▊ | 371/424 [01:59<00:14,  3.60it/s]
Details:  88%|████████▊ | 372/424 [01:59<00:14,  3.56it/s]
Details:  88%|████████▊ | 373/424 [01:59<00:16,  3.13it/s]
Details:  88%|████████▊ | 374/424 [02:00<00:15,  3.26it/s]
Details:  88%|████████▊ | 375/424 [02:00<00:13,  3.52it/s]
Details:  89%|████████▊ | 376/424 [02:01<00:20,  2.37it/s]
Details:  89%|████████▉ | 377/424 [02:01<00:17,  2.67it/s]
Details:  89%|████████▉ | 378/424 [02:01<00:14,  3.18it/s]
Details:  89%|████████▉ | 379/424 [02:01<00:12,  3.54it/s]
Details:  90%|████████▉ | 380/424 [02:02<00:11,  3.96it/s]
Details:  90%|████████▉ | 381/424 [02:02<00:11,  3.62it/s]
Details:  90%|█████████ | 382/424 [02:02<00:10,  4.05it/s]
Details:  90%|█████████ | 383/424 [02:02<00:09,  4.37it/s]
Details:  91%|█████████ | 384/424 [02:02<00:08,  4.57it/s]
Details:  91%|█████████ | 385/424 [02:03<00:08,  4.69it/s]
Details:  91%|█████████ | 386/424 [02:03<00:09,  4.12it/s]
Details:  91%|█████████▏| 387/424 [02:03<00:08,  4.32it/s]
Details:  92%|█████████▏| 388/424 [02:03<00:08,  4.34it/s]
Details:  92%|█████████▏| 389/424 [02:04<00:11,  3.12it/s]
Details:  92%|█████████▏| 390/424 [02:04<00:09,  3.52it/s]
Details:  92%|█████████▏| 391/424 [02:04<00:08,  3.85it/s]
Details:  92%|█████████▏| 392/424 [02:05<00:12,  2.48it/s]
Details:  93%|█████████▎| 393/424 [02:05<00:10,  2.99it/s]
Details:  93%|█████████▎| 394/424 [02:05<00:08,  3.39it/s]
Details:  93%|█████████▎| 395/424 [02:06<00:07,  3.74it/s]
Details:  93%|█████████▎| 396/424 [02:06<00:07,  3.97it/s]
Details:  94%|█████████▎| 397/424 [02:06<00:06,  4.33it/s]
Details:  94%|█████████▍| 398/424 [02:07<00:08,  3.15it/s]
Details:  94%|█████████▍| 399/424 [02:07<00:11,  2.17it/s]
Details:  94%|█████████▍| 400/424 [02:08<00:13,  1.76it/s]
Details:  95%|█████████▍| 401/424 [02:09<00:14,  1.58it/s]
Details:  95%|█████████▍| 402/424 [02:09<00:11,  1.98it/s]
Details:  95%|█████████▌| 403/424 [02:09<00:09,  2.25it/s]
Details:  95%|█████████▌| 404/424 [02:10<00:07,  2.65it/s]
Details:  96%|█████████▌| 405/424 [02:10<00:08,  2.20it/s]
Details:  96%|█████████▌| 406/424 [02:11<00:07,  2.46it/s]
Details:  96%|█████████▌| 407/424 [02:11<00:05,  2.95it/s]
Details:  96%|█████████▌| 408/424 [02:11<00:04,  3.34it/s]
Details:  96%|█████████▋| 409/424 [02:11<00:04,  3.54it/s]
Details:  97%|█████████▋| 410/424 [02:12<00:05,  2.50it/s]
Details:  97%|█████████▋| 411/424 [02:12<00:04,  2.98it/s]
Details:  97%|█████████▋| 412/424 [02:12<00:03,  3.48it/s]
Details:  97%|█████████▋| 413/424 [02:12<00:02,  3.93it/s]
Details:  98%|█████████▊| 414/424 [02:13<00:02,  4.04it/s]
Details:  98%|█████████▊| 415/424 [02:13<00:02,  3.89it/s]
Details:  98%|█████████▊| 416/424 [02:13<00:01,  4.11it/s]
Details:  98%|█████████▊| 417/424 [02:13<00:01,  4.40it/s]
Details:  99%|█████████▊| 418/424 [02:14<00:01,  4.59it/s]
Details:  99%|█████████▉| 419/424 [02:14<00:01,  4.78it/s]
Details:  99%|█████████▉| 420/424 [02:14<00:00,  4.43it/s]
Details:  99%|█████████▉| 421/424 [02:15<00:00,  3.02it/s]
Details: 100%|█████████▉| 422/424 [02:15<00:00,  3.08it/s]
Details: 100%|█████████▉| 423/424 [02:15<00:00,  3.49it/s]
Details: 100%|██████████| 424/424 [02:15<00:00,  3.24it/s]
Details: 100%|██████████| 424/424 [02:15<00:00,  3.12it/s]

Tiles:   0%|          | 0/424 [00:00<?, ?it/s]
Tiles:   3%|▎         | 13/424 [00:00<00:03, 122.77it/s]
Tiles:   6%|▌         | 26/424 [00:00<00:03, 121.21it/s]
Tiles:   9%|▉         | 39/424 [00:00<00:03, 119.39it/s]
Tiles:  12%|█▏        | 51/424 [00:00<00:03, 113.08it/s]
Tiles:  15%|█▍        | 63/424 [00:00<00:03, 114.85it/s]
Tiles:  18%|█▊        | 75/424 [00:00<00:03, 114.35it/s]
Tiles:  21%|██        | 88/424 [00:00<00:02, 117.67it/s]
Tiles:  24%|██▎       | 100/424 [00:00<00:02, 117.83it/s]
Tiles:  26%|██▋       | 112/424 [00:00<00:02, 117.92it/s]
Tiles:  29%|██▉       | 125/424 [00:01<00:02, 119.25it/s]
Tiles:  32%|███▏      | 137/424 [00:01<00:02, 118.97it/s]
Tiles:  35%|███▌      | 149/424 [00:01<00:02, 119.11it/s]
Tiles:  38%|███▊      | 161/424 [00:01<00:02, 115.50it/s]
Tiles:  41%|████      | 173/424 [00:01<00:02, 115.06it/s]
Tiles:  44%|████▍     | 186/424 [00:01<00:02, 118.61it/s]
Tiles:  47%|████▋     | 199/424 [00:01<00:01, 120.21it/s]
Tiles:  50%|█████     | 212/424 [00:01<00:01, 121.71it/s]
Tiles:  53%|█████▎    | 225/424 [00:01<00:01, 119.20it/s]
Tiles:  56%|█████▌    | 238/424 [00:02<00:01, 118.76it/s]
Tiles:  59%|█████▉    | 251/424 [00:02<00:01, 120.60it/s]
Tiles:  62%|██████▏   | 264/424 [00:02<00:01, 120.21it/s]
Tiles:  66%|██████▌   | 278/424 [00:02<00:01, 123.35it/s]
Tiles:  69%|██████▊   | 291/424 [00:02<00:01, 122.39it/s]
Tiles:  72%|███████▏  | 304/424 [00:02<00:00, 123.55it/s]
Tiles:  75%|███████▍  | 317/424 [00:02<00:00, 123.65it/s]
Tiles:  78%|███████▊  | 330/424 [00:02<00:00, 117.35it/s]
Tiles:  81%|████████  | 343/424 [00:02<00:00, 120.69it/s]
Tiles:  84%|████████▍ | 357/424 [00:02<00:00, 124.04it/s]
Tiles:  88%|████████▊ | 371/424 [00:03<00:00, 127.70it/s]
Tiles:  91%|█████████ | 385/424 [00:03<00:00, 128.99it/s]
Tiles:  94%|█████████▍| 398/424 [00:03<00:00, 129.16it/s]
Tiles:  97%|█████████▋| 411/424 [00:03<00:00, 128.55it/s]
Tiles: 100%|██████████| 424/424 [00:03<00:00, 127.09it/s]
Tiles: 100%|██████████| 424/424 [00:03<00:00, 121.20it/s]

Details:   0%|          | 0/424 [00:00<?, ?it/s]
Details:   0%|          | 1/424 [00:00<03:34,  1.97it/s]
Details:   0%|          | 2/424 [00:00<02:38,  2.67it/s]
Details:   1%|          | 3/424 [00:00<02:04,  3.39it/s]
Details:   1%|          | 4/424 [00:01<03:47,  1.85it/s]
Details:   1%|          | 5/424 [00:02<02:51,  2.45it/s]
Details:   1%|▏         | 6/424 [00:02<02:20,  2.96it/s]
Details:   2%|▏         | 7/424 [00:02<02:03,  3.37it/s]
Details:   2%|▏         | 8/424 [00:03<02:53,  2.40it/s]
Details:   2%|▏         | 9/424 [00:03<02:34,  2.68it/s]
Details:   2%|▏         | 10/424 [00:04<03:06,  2.23it/s]
Details:   3%|▎         | 11/424 [00:04<02:44,  2.52it/s]
Details:   3%|▎         | 12/424 [00:04<02:14,  3.06it/s]
Details:   3%|▎         | 13/424 [00:04<02:12,  3.11it/s]
Details:   3%|▎         | 14/424 [00:04<01:52,  3.64it/s]
Details:   4%|▎         | 15/424 [00:05<01:43,  3.94it/s]
Details:   4%|▍         | 16/424 [00:05<01:44,  3.91it/s]
Details:   4%|▍         | 17/424 [00:05<01:40,  4.06it/s]
Details:   4%|▍         | 18/424 [00:05<01:40,  4.04it/s]
Details:   4%|▍         | 19/424 [00:06<01:45,  3.84it/s]
Details:   5%|▍         | 20/424 [00:06<02:43,  2.47it/s]
Details:   5%|▍         | 21/424 [00:07<03:14,  2.08it/s]
Details:   5%|▌         | 22/424 [00:08<03:37,  1.85it/s]
Details:   5%|▌         | 23/424 [00:10<06:55,  1.04s/it]
Details:   6%|▌         | 24/424 [00:10<05:12,  1.28it/s]
Details:   6%|▌         | 25/424 [00:10<04:05,  1.63it/s]
Details:   6%|▌         | 26/424 [00:11<04:03,  1.63it/s]
Details:   6%|▋         | 27/424 [00:12<03:54,  1.69it/s]
Details:   7%|▋         | 28/424 [00:12<03:09,  2.08it/s]
Details:   7%|▋         | 29/424 [00:12<02:42,  2.43it/s]
Details:   7%|▋         | 30/424 [00:12<02:42,  2.42it/s]
Details:   7%|▋         | 31/424 [00:13<02:23,  2.73it/s]
Details:   8%|▊         | 32/424 [00:13<01:57,  3.33it/s]
Details:   8%|▊         | 33/424 [00:13<01:42,  3.82it/s]
Details:   8%|▊         | 34/424 [00:13<01:57,  3.33it/s]
Details:   8%|▊         | 35/424 [00:14<01:45,  3.69it/s]
Details:   8%|▊         | 36/424 [00:14<01:37,  3.96it/s]
Details:   9%|▊         | 37/424 [00:14<01:58,  3.27it/s]
Details:   9%|▉         | 38/424 [00:14<01:43,  3.72it/s]
Details:   9%|▉         | 39/424 [00:15<01:39,  3.87it/s]
Details:   9%|▉         | 40/424 [00:15<02:05,  3.06it/s]
Details:  10%|▉         | 41/424 [00:16<02:23,  2.67it/s]
Details:  10%|▉         | 42/424 [00:16<02:00,  3.16it/s]
Details:  10%|█         | 43/424 [00:16<01:44,  3.64it/s]
Details:  10%|█         | 44/424 [00:17<02:39,  2.39it/s]
Details:  11%|█         | 45/424 [00:17<02:12,  2.85it/s]
Details:  11%|█         | 46/424 [00:17<02:02,  3.08it/s]
Details:  11%|█         | 47/424 [00:18<02:22,  2.65it/s]
Details:  11%|█▏        | 48/424 [00:18<03:00,  2.09it/s]
Details:  12%|█▏        | 49/424 [00:19<02:33,  2.44it/s]
Details:  12%|█▏        | 50/424 [00:19<02:08,  2.90it/s]
Details:  12%|█▏        | 51/424 [00:19<02:31,  2.47it/s]
Details:  12%|█▏        | 52/424 [00:20<02:07,  2.92it/s]
Details:  12%|█▎        | 53/424 [00:20<01:45,  3.51it/s]
Details:  13%|█▎        | 54/424 [00:20<01:32,  4.01it/s]
Details:  13%|█▎        | 55/424 [00:20<01:30,  4.08it/s]
Details:  13%|█▎        | 56/424 [00:20<01:34,  3.90it/s]
Details:  13%|█▎        | 57/424 [00:21<01:36,  3.81it/s]
Details:  14%|█▎        | 58/424 [00:21<01:37,  3.76it/s]
Details:  14%|█▍        | 59/424 [00:21<01:29,  4.09it/s]
Details:  14%|█▍        | 60/424 [00:21<01:30,  4.00it/s]
Details:  14%|█▍        | 61/424 [00:22<01:26,  4.19it/s]
Details:  15%|█▍        | 62/424 [00:22<01:28,  4.07it/s]
Details:  15%|█▍        | 63/424 [00:22<01:23,  4.32it/s]
Details:  15%|█▌        | 64/424 [00:22<01:20,  4.45it/s]
Details:  15%|█▌        | 65/424 [00:23<01:15,  4.78it/s]
Details:  16%|█▌        | 66/424 [00:23<01:12,  4.91it/s]
Details:  16%|█▌        | 67/424 [00:23<01:09,  5.16it/s]
Details:  16%|█▌        | 68/424 [00:23<01:13,  4.84it/s]
Details:  16%|█▋        | 69/424 [00:23<01:09,  5.13it/s]
Details:  17%|█▋        | 70/424 [00:24<01:14,  4.74it/s]
Details:  17%|█▋        | 71/424 [00:24<01:16,  4.64it/s]
Details:  17%|█▋        | 72/424 [00:24<01:13,  4.79it/s]
Details:  17%|█▋        | 73/424 [00:24<01:06,  5.26it/s]
Details:  17%|█▋        | 74/424 [00:24<01:06,  5.29it/s]
Details:  18%|█▊        | 75/424 [00:24<01:06,  5.21it/s]
Details:  18%|█▊        | 76/424 [00:25<01:15,  4.58it/s]
Details:  18%|█▊        | 77/424 [00:25<01:35,  3.63it/s]
Details:  18%|█▊        | 78/424 [00:25<01:35,  3.64it/s]
Details:  19%|█▊        | 79/424 [00:26<01:54,  3.02it/s]
Details:  19%|█▉        | 80/424 [00:26<01:42,  3.34it/s]
Details:  19%|█▉        | 81/424 [00:27<01:57,  2.92it/s]
Details:  19%|█▉        | 82/424 [00:27<01:42,  3.34it/s]
Details:  20%|█▉        | 83/424 [00:28<02:44,  2.07it/s]
Details:  20%|█▉        | 84/424 [00:28<02:27,  2.31it/s]
Details:  20%|██        | 85/424 [00:28<02:02,  2.76it/s]
Details:  20%|██        | 86/424 [00:29<02:34,  2.19it/s]
Details:  21%|██        | 87/424 [00:29<02:08,  2.62it/s]
Details:  21%|██        | 88/424 [00:29<01:55,  2.92it/s]
Details:  21%|██        | 89/424 [00:29<01:37,  3.45it/s]
Details:  21%|██        | 90/424 [00:30<01:30,  3.71it/s]
Details:  21%|██▏       | 91/424 [00:30<01:20,  4.14it/s]
Details:  22%|██▏       | 92/424 [00:30<01:23,  3.99it/s]
Details:  22%|██▏       | 93/424 [00:30<01:15,  4.40it/s]
Details:  22%|██▏       | 94/424 [00:31<01:10,  4.70it/s]
Details:  22%|██▏       | 95/424 [00:31<01:06,  4.95it/s]
Details:  23%|██▎       | 96/424 [00:31<01:01,  5.35it/s]
Details:  23%|██▎       | 97/424 [00:31<00:57,  5.72it/s]
Details:  23%|██▎       | 98/424 [00:32<02:11,  2.47it/s]
Details:  23%|██▎       | 99/424 [00:32<01:54,  2.83it/s]
Details:  24%|██▎       | 100/424 [00:32<01:37,  3.31it/s]
Details:  24%|██▍       | 101/424 [00:33<01:42,  3.14it/s]
Details:  24%|██▍       | 102/424 [00:33<01:31,  3.54it/s]
Details:  24%|██▍       | 103/424 [00:33<01:23,  3.85it/s]
Details:  25%|██▍       | 104/424 [00:33<01:14,  4.27it/s]
Details:  25%|██▍       | 105/424 [00:34<01:16,  4.16it/s]
Details:  25%|██▌       | 106/424 [00:34<01:17,  4.10it/s]
Details:  25%|██▌       | 107/424 [00:34<02:01,  2.61it/s]
Details:  25%|██▌       | 108/424 [00:35<02:02,  2.58it/s]
Details:  26%|██▌       | 109/424 [00:35<01:46,  2.95it/s]
Details:  26%|██▌       | 110/424 [00:36<02:23,  2.18it/s]
Details:  26%|██▌       | 111/424 [00:37<02:45,  1.89it/s]
Details:  26%|██▋       | 112/424 [00:37<02:57,  1.76it/s]
Details:  27%|██▋       | 113/424 [00:38<03:12,  1.62it/s]
Details:  27%|██▋       | 114/424 [00:39<03:37,  1.42it/s]
Details:  27%|██▋       | 115/424 [00:40<03:45,  1.37it/s]
Details:  27%|██▋       | 116/424 [00:40<03:39,  1.40it/s]
Details:  28%|██▊       | 117/424 [00:42<04:24,  1.16it/s]
Details:  28%|██▊       | 118/424 [00:42<04:15,  1.20it/s]
Details:  28%|██▊       | 119/424 [00:43<04:08,  1.23it/s]
Details:  28%|██▊       | 120/424 [00:43<03:09,  1.61it/s]
Details:  29%|██▊       | 121/424 [00:43<02:30,  2.02it/s]
Details:  29%|██▉       | 122/424 [00:44<02:37,  1.92it/s]
Details:  29%|██▉       | 123/424 [00:45<02:48,  1.79it/s]
Details:  29%|██▉       | 124/424 [00:46<03:25,  1.46it/s]
Details:  29%|██▉       | 125/424 [00:47<03:42,  1.34it/s]
Details:  30%|██▉       | 126/424 [00:47<03:39,  1.36it/s]
Details:  30%|██▉       | 127/424 [00:47<02:47,  1.77it/s]
Details:  30%|███       | 128/424 [00:48<02:46,  1.78it/s]
Details:  30%|███       | 129/424 [00:48<02:17,  2.15it/s]
Details:  31%|███       | 130/424 [00:49<02:27,  1.99it/s]
Details:  31%|███       | 131/424 [00:49<01:58,  2.46it/s]
Details:  31%|███       | 132/424 [00:50<02:10,  2.24it/s]
Details:  31%|███▏      | 133/424 [00:50<02:01,  2.40it/s]
Details:  32%|███▏      | 134/424 [00:50<01:40,  2.89it/s]
Details:  32%|███▏      | 135/424 [00:50<01:25,  3.37it/s]
Details:  32%|███▏      | 136/424 [00:50<01:15,  3.81it/s]
Details:  32%|███▏      | 137/424 [00:51<01:40,  2.84it/s]
Details:  33%|███▎      | 138/424 [00:51<01:32,  3.10it/s]
Details:  33%|███▎      | 139/424 [00:51<01:18,  3.64it/s]
Details:  33%|███▎      | 140/424 [00:52<01:20,  3.52it/s]
Details:  33%|███▎      | 141/424 [00:52<01:38,  2.87it/s]
Details:  33%|███▎      | 142/424 [00:52<01:23,  3.37it/s]
Details:  34%|███▎      | 143/424 [00:53<01:13,  3.84it/s]
Details:  34%|███▍      | 144/424 [00:53<01:03,  4.39it/s]
Details:  34%|███▍      | 145/424 [00:53<00:59,  4.65it/s]
Details:  34%|███▍      | 146/424 [00:53<01:05,  4.25it/s]
Details:  35%|███▍      | 147/424 [00:53<01:02,  4.44it/s]
Details:  35%|███▍      | 148/424 [00:54<00:56,  4.85it/s]
Details:  35%|███▌      | 149/424 [00:54<00:55,  4.99it/s]
Details:  35%|███▌      | 150/424 [00:54<00:52,  5.24it/s]
Details:  36%|███▌      | 151/424 [00:54<00:51,  5.31it/s]
Details:  36%|███▌      | 152/424 [00:54<00:56,  4.83it/s]
Details:  36%|███▌      | 153/424 [00:54<00:53,  5.09it/s]
Details:  36%|███▋      | 154/424 [00:55<00:52,  5.14it/s]
Details:  37%|███▋      | 155/424 [00:55<00:56,  4.75it/s]
Details:  37%|███▋      | 156/424 [00:55<00:54,  4.95it/s]
Details:  37%|███▋      | 157/424 [00:55<00:54,  4.90it/s]
Details:  37%|███▋      | 158/424 [00:55<00:50,  5.26it/s]
Details:  38%|███▊      | 159/424 [00:56<00:52,  5.05it/s]
Details:  38%|███▊      | 160/424 [00:56<00:50,  5.23it/s]
Details:  38%|███▊      | 161/424 [00:56<00:47,  5.57it/s]
Details:  38%|███▊      | 162/424 [00:56<00:45,  5.73it/s]
Details:  38%|███▊      | 163/424 [00:56<00:44,  5.81it/s]
Details:  39%|███▊      | 164/424 [00:57<00:46,  5.64it/s]
Details:  39%|███▉      | 165/424 [00:57<00:43,  5.89it/s]
Details:  39%|███▉      | 166/424 [00:57<00:45,  5.69it/s]
Details:  39%|███▉      | 167/424 [00:57<00:44,  5.74it/s]
Details:  40%|███▉      | 168/424 [00:57<00:42,  5.96it/s]
Details:  40%|███▉      | 169/424 [00:57<00:42,  5.96it/s]
Details:  40%|████      | 170/424 [00:58<01:08,  3.69it/s]
Details:  40%|████      | 171/424 [00:58<01:04,  3.94it/s]
Details:  41%|████      | 172/424 [00:58<00:56,  4.47it/s]
Details:  41%|████      | 173/424 [00:58<00:52,  4.78it/s]
Details:  41%|████      | 174/424 [00:59<00:50,  4.94it/s]
Details:  41%|████▏     | 175/424 [00:59<00:59,  4.20it/s]
Details:  42%|████▏     | 176/424 [00:59<01:06,  3.74it/s]
Details:  42%|████▏     | 177/424 [00:59<00:59,  4.16it/s]
Details:  42%|████▏     | 178/424 [01:00<00:55,  4.43it/s]
Details:  42%|████▏     | 179/424 [01:00<00:52,  4.68it/s]
Details:  42%|████▏     | 180/424 [01:00<00:50,  4.84it/s]
Details:  43%|████▎     | 181/424 [01:00<00:48,  5.03it/s]
Details:  43%|████▎     | 182/424 [01:00<00:46,  5.20it/s]
Details:  43%|████▎     | 183/424 [01:01<00:45,  5.34it/s]
Details:  43%|████▎     | 184/424 [01:01<00:42,  5.60it/s]
Details:  44%|████▎     | 185/424 [01:01<00:40,  5.85it/s]
Details:  44%|████▍     | 186/424 [01:01<00:39,  6.01it/s]
Details:  44%|████▍     | 187/424 [01:01<00:38,  6.11it/s]
Details:  44%|████▍     | 188/424 [01:01<00:39,  5.91it/s]
Details:  45%|████▍     | 189/424 [01:02<00:42,  5.53it/s]
Details:  45%|████▍     | 190/424 [01:02<00:42,  5.51it/s]
Details:  45%|████▌     | 191/424 [01:02<00:45,  5.12it/s]
Details:  45%|████▌     | 192/424 [01:02<00:42,  5.42it/s]
Details:  46%|████▌     | 193/424 [01:02<00:40,  5.75it/s]
Details:  46%|████▌     | 194/424 [01:02<00:38,  5.94it/s]
Details:  46%|████▌     | 195/424 [01:03<00:39,  5.83it/s]
Details:  46%|████▌     | 196/424 [01:03<00:37,  6.14it/s]
Details:  46%|████▋     | 197/424 [01:03<00:37,  6.11it/s]
Details:  47%|████▋     | 198/424 [01:03<00:38,  5.90it/s]
Details:  47%|████▋     | 199/424 [01:03<00:39,  5.70it/s]
Details:  47%|████▋     | 200/424 [01:03<00:39,  5.71it/s]
Details:  47%|████▋     | 201/424 [01:04<00:39,  5.70it/s]
Details:  48%|████▊     | 202/424 [01:04<00:39,  5.57it/s]
Details:  48%|████▊     | 203/424 [01:04<00:39,  5.57it/s]
Details:  48%|████▊     | 204/424 [01:04<00:39,  5.58it/s]
Details:  48%|████▊     | 205/424 [01:04<00:39,  5.61it/s]
Details:  49%|████▊     | 206/424 [01:05<00:37,  5.83it/s]
Details:  49%|████▉     | 207/424 [01:05<00:36,  5.88it/s]
Details:  49%|████▉     | 208/424 [01:05<00:34,  6.26it/s]
Details:  49%|████▉     | 209/424 [01:05<00:34,  6.29it/s]
Details:  50%|████▉     | 210/424 [01:05<00:33,  6.37it/s]
Details:  50%|████▉     | 211/424 [01:05<00:32,  6.46it/s]
Details:  50%|█████     | 212/424 [01:05<00:34,  6.12it/s]
Details:  50%|█████     | 213/424 [01:06<00:34,  6.06it/s]
Details:  50%|█████     | 214/424 [01:06<00:34,  6.02it/s]
Details:  51%|█████     | 215/424 [01:06<00:35,  5.95it/s]
Details:  51%|█████     | 216/424 [01:06<00:35,  5.87it/s]
Details:  51%|█████     | 217/424 [01:06<00:35,  5.84it/s]
Details:  51%|█████▏    | 218/424 [01:06<00:35,  5.81it/s]
Details:  52%|█████▏    | 219/424 [01:07<00:35,  5.82it/s]
Details:  52%|█████▏    | 220/424 [01:07<00:34,  5.93it/s]
Details:  52%|█████▏    | 221/424 [01:07<00:33,  6.07it/s]
Details:  52%|█████▏    | 222/424 [01:07<00:34,  5.90it/s]
Details:  53%|█████▎    | 223/424 [01:07<00:35,  5.72it/s]
Details:  53%|█████▎    | 224/424 [01:08<00:34,  5.78it/s]
Details:  53%|█████▎    | 225/424 [01:08<00:34,  5.80it/s]
Details:  53%|█████▎    | 226/424 [01:08<00:34,  5.77it/s]
Details:  54%|█████▎    | 227/424 [01:08<00:35,  5.63it/s]
Details:  54%|█████▍    | 228/424 [01:08<00:35,  5.58it/s]
Details:  54%|█████▍    | 229/424 [01:08<00:34,  5.72it/s]
Details:  54%|█████▍    | 230/424 [01:09<00:33,  5.77it/s]
Details:  54%|█████▍    | 231/424 [01:09<00:32,  5.98it/s]
Details:  55%|█████▍    | 232/424 [01:09<00:30,  6.36it/s]
Details:  55%|█████▍    | 233/424 [01:09<00:28,  6.70it/s]
Details:  55%|█████▌    | 234/424 [01:09<00:29,  6.47it/s]
Details:  55%|█████▌    | 235/424 [01:09<00:31,  6.03it/s]
Details:  56%|█████▌    | 236/424 [01:10<00:31,  6.04it/s]
Details:  56%|█████▌    | 237/424 [01:10<00:31,  5.99it/s]
Details:  56%|█████▌    | 238/424 [01:10<00:30,  6.02it/s]
Details:  56%|█████▋    | 239/424 [01:10<00:30,  6.11it/s]
Details:  57%|█████▋    | 240/424 [01:10<00:30,  6.05it/s]
Details:  57%|█████▋    | 241/424 [01:10<00:29,  6.17it/s]
Details:  57%|█████▋    | 242/424 [01:10<00:30,  6.03it/s]
Details:  57%|█████▋    | 243/424 [01:11<00:30,  6.00it/s]
Details:  58%|█████▊    | 244/424 [01:11<00:30,  5.96it/s]
Details:  58%|█████▊    | 245/424 [01:11<00:30,  5.94it/s]
Details:  58%|█████▊    | 246/424 [01:11<00:29,  6.09it/s]
Details:  58%|█████▊    | 247/424 [01:11<00:29,  6.05it/s]
Details:  58%|█████▊    | 248/424 [01:11<00:29,  6.03it/s]
Details:  59%|█████▊    | 249/424 [01:12<00:29,  5.88it/s]
Details:  59%|█████▉    | 250/424 [01:12<00:29,  5.87it/s]
Details:  59%|█████▉    | 251/424 [01:12<00:27,  6.30it/s]
Details:  59%|█████▉    | 252/424 [01:12<00:27,  6.29it/s]
Details:  60%|█████▉    | 253/424 [01:12<00:27,  6.28it/s]
Details:  60%|█████▉    | 254/424 [01:12<00:25,  6.66it/s]
Details:  60%|██████    | 255/424 [01:13<00:24,  6.88it/s]
Details:  60%|██████    | 256/424 [01:13<00:24,  6.79it/s]
Details:  61%|██████    | 257/424 [01:13<00:24,  6.76it/s]
Details:  61%|██████    | 258/424 [01:13<00:24,  6.79it/s]
Details:  61%|██████    | 259/424 [01:13<00:25,  6.49it/s]
Details:  61%|██████▏   | 260/424 [01:13<00:26,  6.24it/s]
Details:  62%|██████▏   | 261/424 [01:14<00:26,  6.24it/s]
Details:  62%|██████▏   | 262/424 [01:14<00:26,  6.18it/s]
Details:  62%|██████▏   | 263/424 [01:14<00:26,  6.13it/s]
Details:  62%|██████▏   | 264/424 [01:14<00:27,  5.92it/s]
Details:  62%|██████▎   | 265/424 [01:14<00:27,  5.83it/s]
Details:  63%|██████▎   | 266/424 [01:14<00:27,  5.83it/s]
Details:  63%|██████▎   | 267/424 [01:15<00:26,  5.99it/s]
Details:  63%|██████▎   | 268/424 [01:15<00:25,  6.22it/s]
Details:  63%|██████▎   | 269/424 [01:15<00:25,  6.18it/s]
Details:  64%|██████▎   | 270/424 [01:15<00:25,  6.00it/s]
Details:  64%|██████▍   | 271/424 [01:15<00:25,  5.96it/s]
Details:  64%|██████▍   | 272/424 [01:15<00:25,  5.86it/s]
Details:  64%|██████▍   | 273/424 [01:16<00:25,  5.85it/s]
Details:  65%|██████▍   | 274/424 [01:16<00:25,  5.79it/s]
Details:  65%|██████▍   | 275/424 [01:16<00:25,  5.76it/s]
Details:  65%|██████▌   | 276/424 [01:16<00:25,  5.82it/s]
Details:  65%|██████▌   | 277/424 [01:16<00:25,  5.82it/s]
Details:  66%|██████▌   | 278/424 [01:16<00:25,  5.77it/s]
Details:  66%|██████▌   | 279/424 [01:17<00:24,  5.93it/s]
Details:  66%|██████▌   | 280/424 [01:17<00:23,  6.13it/s]
Details:  66%|██████▋   | 281/424 [01:17<00:23,  6.21it/s]
Details:  67%|██████▋   | 282/424 [01:17<00:23,  6.14it/s]
Details:  67%|██████▋   | 283/424 [01:17<00:22,  6.31it/s]
Details:  67%|██████▋   | 284/424 [01:17<00:21,  6.46it/s]
Details:  67%|██████▋   | 285/424 [01:17<00:21,  6.39it/s]
Details:  67%|██████▋   | 286/424 [01:18<00:22,  6.20it/s]
Details:  68%|██████▊   | 287/424 [01:18<00:22,  6.06it/s]
Details:  68%|██████▊   | 288/424 [01:18<00:22,  5.98it/s]
Details:  68%|██████▊   | 289/424 [01:18<00:23,  5.66it/s]
Details:  68%|██████▊   | 290/424 [01:19<00:35,  3.80it/s]
Details:  69%|██████▊   | 291/424 [01:19<00:43,  3.06it/s]
Details:  69%|██████▉   | 292/424 [01:19<00:38,  3.39it/s]
Details:  69%|██████▉   | 293/424 [01:20<00:35,  3.67it/s]
Details:  69%|██████▉   | 294/424 [01:20<00:52,  2.46it/s]
Details:  70%|██████▉   | 295/424 [01:21<00:44,  2.92it/s]
Details:  70%|██████▉   | 296/424 [01:21<00:38,  3.37it/s]
Details:  70%|███████   | 297/424 [01:21<00:33,  3.76it/s]
Details:  70%|███████   | 298/424 [01:22<00:51,  2.43it/s]
Details:  71%|███████   | 299/424 [01:22<00:45,  2.72it/s]
Details:  71%|███████   | 300/424 [01:22<00:39,  3.15it/s]
Details:  71%|███████   | 301/424 [01:22<00:33,  3.64it/s]
Details:  71%|███████   | 302/424 [01:22<00:30,  3.99it/s]
Details:  71%|███████▏  | 303/424 [01:23<00:28,  4.28it/s]
Details:  72%|███████▏  | 304/424 [01:23<00:26,  4.50it/s]
Details:  72%|███████▏  | 305/424 [01:23<00:33,  3.53it/s]
Details:  72%|███████▏  | 306/424 [01:23<00:29,  4.03it/s]
Details:  72%|███████▏  | 307/424 [01:24<00:26,  4.44it/s]
Details:  73%|███████▎  | 308/424 [01:24<00:25,  4.59it/s]
Details:  73%|███████▎  | 309/424 [01:24<00:29,  3.85it/s]
Details:  73%|███████▎  | 310/424 [01:24<00:26,  4.26it/s]
Details:  73%|███████▎  | 311/424 [01:25<00:24,  4.61it/s]
Details:  74%|███████▎  | 312/424 [01:25<00:22,  4.97it/s]
Details:  74%|███████▍  | 313/424 [01:25<00:22,  5.01it/s]
Details:  74%|███████▍  | 314/424 [01:25<00:22,  4.89it/s]
Details:  74%|███████▍  | 315/424 [01:26<00:38,  2.84it/s]
Details:  75%|███████▍  | 316/424 [01:26<00:33,  3.22it/s]
Details:  75%|███████▍  | 317/424 [01:26<00:29,  3.65it/s]
Details:  75%|███████▌  | 318/424 [01:26<00:26,  4.07it/s]
Details:  75%|███████▌  | 319/424 [01:27<00:42,  2.49it/s]
Details:  75%|███████▌  | 320/424 [01:27<00:34,  2.98it/s]
Details:  76%|███████▌  | 321/424 [01:28<00:29,  3.47it/s]
Details:  76%|███████▌  | 322/424 [01:28<00:26,  3.78it/s]
Details:  76%|███████▌  | 323/424 [01:29<00:42,  2.38it/s]
Details:  76%|███████▋  | 324/424 [01:29<00:34,  2.86it/s]
Details:  77%|███████▋  | 325/424 [01:29<00:31,  3.16it/s]
Details:  77%|███████▋  | 326/424 [01:29<00:26,  3.65it/s]
Details:  77%|███████▋  | 327/424 [01:30<00:31,  3.06it/s]
Details:  77%|███████▋  | 328/424 [01:30<00:33,  2.85it/s]
Details:  78%|███████▊  | 329/424 [01:30<00:29,  3.27it/s]
Details:  78%|███████▊  | 330/424 [01:30<00:25,  3.73it/s]
Details:  78%|███████▊  | 331/424 [01:31<00:22,  4.04it/s]
Details:  78%|███████▊  | 332/424 [01:31<00:21,  4.29it/s]
Details:  79%|███████▊  | 333/424 [01:31<00:20,  4.44it/s]
Details:  79%|███████▉  | 334/424 [01:31<00:22,  4.03it/s]
Details:  79%|███████▉  | 335/424 [01:31<00:20,  4.43it/s]
Details:  79%|███████▉  | 336/424 [01:32<00:19,  4.55it/s]
Details:  79%|███████▉  | 337/424 [01:32<00:17,  4.86it/s]
Details:  80%|███████▉  | 338/424 [01:32<00:28,  3.06it/s]
Details:  80%|███████▉  | 339/424 [01:33<00:23,  3.59it/s]
Details:  80%|████████  | 340/424 [01:33<00:24,  3.47it/s]
Details:  80%|████████  | 341/424 [01:33<00:21,  3.78it/s]
Details:  81%|████████  | 342/424 [01:33<00:19,  4.13it/s]
Details:  81%|████████  | 343/424 [01:33<00:17,  4.56it/s]
Details:  81%|████████  | 344/424 [01:34<00:16,  4.76it/s]
Details:  81%|████████▏ | 345/424 [01:34<00:19,  4.10it/s]
Details:  82%|████████▏ | 346/424 [01:34<00:17,  4.38it/s]
Details:  82%|████████▏ | 347/424 [01:34<00:16,  4.61it/s]
Details:  82%|████████▏ | 348/424 [01:35<00:16,  4.62it/s]
Details:  82%|████████▏ | 349/424 [01:35<00:15,  4.71it/s]
Details:  83%|████████▎ | 350/424 [01:35<00:23,  3.13it/s]
Details:  83%|████████▎ | 351/424 [01:36<00:19,  3.66it/s]
Details:  83%|████████▎ | 352/424 [01:36<00:19,  3.73it/s]
Details:  83%|████████▎ | 353/424 [01:37<00:32,  2.19it/s]
Details:  83%|████████▎ | 354/424 [01:37<00:27,  2.55it/s]
Details:  84%|████████▎ | 355/424 [01:37<00:22,  3.01it/s]
Details:  84%|████████▍ | 356/424 [01:38<00:29,  2.33it/s]
Details:  84%|████████▍ | 357/424 [01:38<00:25,  2.61it/s]
Details:  84%|████████▍ | 358/424 [01:38<00:22,  2.97it/s]
Details:  85%|████████▍ | 359/424 [01:38<00:19,  3.39it/s]
Details:  85%|████████▍ | 360/424 [01:39<00:25,  2.48it/s]
Details:  85%|████████▌ | 361/424 [01:39<00:23,  2.68it/s]
Details:  85%|████████▌ | 362/424 [01:40<00:19,  3.14it/s]
Details:  86%|████████▌ | 363/424 [01:40<00:18,  3.36it/s]
Details:  86%|████████▌ | 364/424 [01:41<00:26,  2.26it/s]
Details:  86%|████████▌ | 365/424 [01:41<00:21,  2.71it/s]
Details:  86%|████████▋ | 366/424 [01:41<00:22,  2.53it/s]
Details:  87%|████████▋ | 367/424 [01:42<00:20,  2.74it/s]
Details:  87%|████████▋ | 368/424 [01:42<00:18,  3.07it/s]
Details:  87%|████████▋ | 369/424 [01:42<00:18,  2.98it/s]
Details:  87%|████████▋ | 370/424 [01:42<00:16,  3.32it/s]
Details:  88%|████████▊ | 371/424 [01:43<00:14,  3.76it/s]
Details:  88%|████████▊ | 372/424 [01:43<00:20,  2.53it/s]
Details:  88%|████████▊ | 373/424 [01:43<00:16,  3.01it/s]
Details:  88%|████████▊ | 374/424 [01:44<00:14,  3.51it/s]
Details:  88%|████████▊ | 375/424 [01:44<00:12,  4.04it/s]
Details:  89%|████████▊ | 376/424 [01:44<00:12,  3.89it/s]
Details:  89%|████████▉ | 377/424 [01:44<00:11,  4.00it/s]
Details:  89%|████████▉ | 378/424 [01:44<00:10,  4.35it/s]
Details:  89%|████████▉ | 379/424 [01:45<00:10,  4.41it/s]
Details:  90%|████████▉ | 380/424 [01:45<00:09,  4.60it/s]
Details:  90%|████████▉ | 381/424 [01:45<00:09,  4.75it/s]
Details:  90%|█████████ | 382/424 [01:45<00:08,  4.92it/s]
Details:  90%|█████████ | 383/424 [01:46<00:08,  4.69it/s]
Details:  91%|█████████ | 384/424 [01:46<00:08,  4.75it/s]
Details:  91%|█████████ | 385/424 [01:46<00:07,  4.91it/s]
Details:  91%|█████████ | 386/424 [01:46<00:07,  4.91it/s]
Details:  91%|█████████▏| 387/424 [01:46<00:07,  4.72it/s]
Details:  92%|█████████▏| 388/424 [01:47<00:07,  5.03it/s]
Details:  92%|█████████▏| 389/424 [01:47<00:06,  5.26it/s]
Details:  92%|█████████▏| 390/424 [01:47<00:06,  5.13it/s]
Details:  92%|█████████▏| 391/424 [01:47<00:07,  4.58it/s]
Details:  92%|█████████▏| 392/424 [01:48<00:08,  3.82it/s]
Details:  93%|█████████▎| 393/424 [01:48<00:07,  4.17it/s]
Details:  93%|█████████▎| 394/424 [01:48<00:06,  4.46it/s]
Details:  93%|█████████▎| 395/424 [01:48<00:06,  4.28it/s]
Details:  93%|█████████▎| 396/424 [01:49<00:09,  3.08it/s]
Details:  94%|█████████▎| 397/424 [01:49<00:07,  3.65it/s]
Details:  94%|█████████▍| 398/424 [01:49<00:06,  3.83it/s]
Details:  94%|█████████▍| 399/424 [01:49<00:05,  4.24it/s]
Details:  94%|█████████▍| 400/424 [01:49<00:05,  4.61it/s]
Details:  95%|█████████▍| 401/424 [01:50<00:04,  4.79it/s]
Details:  95%|█████████▍| 402/424 [01:50<00:04,  4.58it/s]
Details:  95%|█████████▌| 403/424 [01:50<00:04,  4.27it/s]
Details:  95%|█████████▌| 404/424 [01:51<00:07,  2.73it/s]
Details:  96%|█████████▌| 405/424 [01:51<00:07,  2.39it/s]
Details:  96%|█████████▌| 406/424 [01:52<00:06,  2.89it/s]
Details:  96%|█████████▌| 407/424 [01:52<00:05,  2.86it/s]
Details:  96%|█████████▌| 408/424 [01:52<00:06,  2.43it/s]
Details:  96%|█████████▋| 409/424 [01:53<00:07,  1.96it/s]
Details:  97%|█████████▋| 410/424 [01:54<00:08,  1.73it/s]
Details:  97%|█████████▋| 411/424 [01:54<00:07,  1.74it/s]
Details:  97%|█████████▋| 412/424 [01:55<00:05,  2.16it/s]
Details:  97%|█████████▋| 413/424 [01:55<00:04,  2.53it/s]
Details:  98%|█████████▊| 414/424 [01:55<00:04,  2.35it/s]
Details:  98%|█████████▊| 415/424 [01:56<00:03,  2.65it/s]
Details:  98%|█████████▊| 416/424 [01:56<00:02,  2.99it/s]
Details:  98%|█████████▊| 417/424 [01:56<00:02,  3.23it/s]
Details:  99%|█████████▊| 418/424 [01:57<00:02,  2.32it/s]
Details:  99%|█████████▉| 419/424 [01:57<00:02,  2.41it/s]
Details:  99%|█████████▉| 420/424 [01:57<00:01,  2.81it/s]
Details:  99%|█████████▉| 421/424 [01:58<00:01,  2.97it/s]
Details: 100%|█████████▉| 422/424 [01:58<00:00,  2.51it/s]
Details: 100%|█████████▉| 423/424 [01:59<00:00,  2.90it/s]
Details: 100%|██████████| 424/424 [01:59<00:00,  3.24it/s]
Details: 100%|██████████| 424/424 [01:59<00:00,  3.56it/s]

Tiles:   0%|          | 0/424 [00:00<?, ?it/s]
Tiles:   3%|▎         | 13/424 [00:00<00:03, 123.61it/s]
Tiles:   6%|▌         | 26/424 [00:00<00:03, 118.53it/s]
Tiles:   9%|▉         | 39/424 [00:00<00:03, 122.31it/s]
Tiles:  12%|█▏        | 52/424 [00:00<00:02, 125.00it/s]
Tiles:  15%|█▌        | 65/424 [00:00<00:02, 122.93it/s]
Tiles:  18%|█▊        | 78/424 [00:00<00:02, 124.04it/s]
Tiles:  21%|██▏       | 91/424 [00:00<00:02, 124.82it/s]
Tiles:  25%|██▍       | 104/424 [00:00<00:02, 125.42it/s]
Tiles:  28%|██▊       | 117/424 [00:00<00:02, 123.65it/s]
Tiles:  31%|███       | 130/424 [00:01<00:02, 123.14it/s]
Tiles:  34%|███▎      | 143/424 [00:01<00:02, 122.98it/s]
Tiles:  37%|███▋      | 156/424 [00:01<00:02, 122.49it/s]
Tiles:  40%|███▉      | 169/424 [00:01<00:02, 122.87it/s]
Tiles:  43%|████▎     | 182/424 [00:01<00:01, 122.93it/s]
Tiles:  46%|████▌     | 195/424 [00:01<00:01, 120.77it/s]
Tiles:  49%|████▉     | 208/424 [00:01<00:01, 122.98it/s]
Tiles:  52%|█████▏    | 221/424 [00:01<00:01, 124.08it/s]
Tiles:  55%|█████▌    | 234/424 [00:01<00:01, 125.57it/s]
Tiles:  58%|█████▊    | 247/424 [00:02<00:01, 124.02it/s]
Tiles:  62%|██████▏   | 261/424 [00:02<00:01, 126.18it/s]
Tiles:  65%|██████▍   | 274/424 [00:02<00:01, 126.96it/s]
Tiles:  68%|██████▊   | 287/424 [00:02<00:01, 127.03it/s]
Tiles:  71%|███████   | 300/424 [00:02<00:00, 125.62it/s]
Tiles:  74%|███████▍  | 313/424 [00:02<00:00, 126.69it/s]
Tiles:  77%|███████▋  | 326/424 [00:02<00:00, 126.62it/s]
Tiles:  80%|███████▉  | 339/424 [00:02<00:00, 125.49it/s]
Tiles:  83%|████████▎ | 353/424 [00:02<00:00, 127.41it/s]
Tiles:  86%|████████▋ | 366/424 [00:02<00:00, 124.33it/s]
Tiles:  90%|████████▉ | 380/424 [00:03<00:00, 125.96it/s]
Tiles:  93%|█████████▎| 393/424 [00:03<00:00, 126.92it/s]
Tiles:  96%|█████████▌| 407/424 [00:03<00:00, 128.51it/s]
Tiles:  99%|█████████▉| 421/424 [00:03<00:00, 128.96it/s]
Tiles: 100%|██████████| 424/424 [00:03<00:00, 125.13it/s]

Details:   0%|          | 0/424 [00:00<?, ?it/s]
Details:   0%|          | 1/424 [00:00<01:19,  5.29it/s]
Details:   0%|          | 2/424 [00:00<03:10,  2.22it/s]
Details:   1%|          | 3/424 [00:01<02:21,  2.97it/s]
Details:   1%|          | 4/424 [00:01<01:55,  3.63it/s]
Details:   1%|          | 5/424 [00:02<03:26,  2.02it/s]
Details:   1%|▏         | 6/424 [00:02<04:15,  1.63it/s]
Details:   2%|▏         | 7/424 [00:03<04:21,  1.59it/s]
Details:   2%|▏         | 8/424 [00:03<03:28,  2.00it/s]
Details:   2%|▏         | 9/424 [00:04<02:59,  2.31it/s]
Details:   2%|▏         | 10/424 [00:04<02:29,  2.78it/s]
Details:   3%|▎         | 11/424 [00:05<03:15,  2.11it/s]
Details:   3%|▎         | 12/424 [00:05<03:27,  1.99it/s]
Details:   3%|▎         | 13/424 [00:06<03:26,  1.99it/s]
Details:   3%|▎         | 14/424 [00:06<02:53,  2.36it/s]
Details:   4%|▎         | 15/424 [00:06<02:25,  2.81it/s]
Details:   4%|▍         | 16/424 [00:06<02:23,  2.84it/s]
Details:   4%|▍         | 17/424 [00:07<02:04,  3.27it/s]
Details:   4%|▍         | 18/424 [00:07<02:59,  2.26it/s]
Details:   4%|▍         | 19/424 [00:08<02:30,  2.70it/s]
Details:   5%|▍         | 20/424 [00:08<02:08,  3.14it/s]
Details:   5%|▍         | 21/424 [00:08<01:54,  3.53it/s]
Details:   5%|▌         | 22/424 [00:08<01:42,  3.91it/s]
Details:   5%|▌         | 23/424 [00:08<01:39,  4.02it/s]
Details:   6%|▌         | 24/424 [00:09<01:39,  4.00it/s]
Details:   6%|▌         | 25/424 [00:09<01:32,  4.32it/s]
Details:   6%|▌         | 26/424 [00:09<01:28,  4.49it/s]
Details:   6%|▋         | 27/424 [00:09<01:25,  4.64it/s]
Details:   7%|▋         | 28/424 [00:09<01:23,  4.72it/s]
Details:   7%|▋         | 29/424 [00:10<01:20,  4.93it/s]
Details:   7%|▋         | 30/424 [00:10<01:46,  3.69it/s]
Details:   7%|▋         | 31/424 [00:10<01:35,  4.10it/s]
Details:   8%|▊         | 32/424 [00:10<01:25,  4.60it/s]
Details:   8%|▊         | 33/424 [00:11<01:16,  5.09it/s]
Details:   8%|▊         | 34/424 [00:11<01:16,  5.13it/s]
Details:   8%|▊         | 35/424 [00:11<01:14,  5.19it/s]
Details:   8%|▊         | 36/424 [00:11<01:21,  4.74it/s]
Details:   9%|▊         | 37/424 [00:11<01:24,  4.60it/s]
Details:   9%|▉         | 38/424 [00:12<01:21,  4.74it/s]
Details:   9%|▉         | 39/424 [00:12<01:21,  4.74it/s]
Details:   9%|▉         | 40/424 [00:12<01:18,  4.89it/s]
Details:  10%|▉         | 41/424 [00:13<02:14,  2.84it/s]
Details:  10%|▉         | 42/424 [00:13<01:55,  3.30it/s]
Details:  10%|█         | 43/424 [00:13<01:42,  3.71it/s]
Details:  10%|█         | 44/424 [00:13<01:33,  4.08it/s]
Details:  11%|█         | 45/424 [00:13<01:29,  4.23it/s]
Details:  11%|█         | 46/424 [00:14<01:24,  4.48it/s]
Details:  11%|█         | 47/424 [00:14<01:19,  4.73it/s]
Details:  11%|█▏        | 48/424 [00:14<01:16,  4.90it/s]
Details:  12%|█▏        | 49/424 [00:14<01:13,  5.09it/s]
Details:  12%|█▏        | 50/424 [00:15<02:39,  2.35it/s]
Details:  12%|█▏        | 51/424 [00:15<02:15,  2.75it/s]
Details:  12%|█▏        | 52/424 [00:16<01:51,  3.35it/s]
Details:  12%|█▎        | 53/424 [00:16<01:37,  3.80it/s]
Details:  13%|█▎        | 54/424 [00:16<01:33,  3.95it/s]
Details:  13%|█▎        | 55/424 [00:16<01:26,  4.29it/s]
Details:  13%|█▎        | 56/424 [00:16<01:20,  4.57it/s]
Details:  13%|█▎        | 57/424 [00:16<01:18,  4.69it/s]
Details:  14%|█▎        | 58/424 [00:17<01:15,  4.88it/s]
Details:  14%|█▍        | 59/424 [00:17<01:12,  5.04it/s]
Details:  14%|█▍        | 60/424 [00:17<01:10,  5.17it/s]
Details:  14%|█▍        | 61/424 [00:17<01:10,  5.16it/s]
Details:  15%|█▍        | 62/424 [00:17<01:07,  5.36it/s]
Details:  15%|█▍        | 63/424 [00:18<01:06,  5.42it/s]
Details:  15%|█▌        | 64/424 [00:18<01:08,  5.25it/s]
Details:  15%|█▌        | 65/424 [00:18<01:00,  5.89it/s]
Details:  16%|█▌        | 66/424 [00:18<01:00,  5.92it/s]
Details:  16%|█▌        | 67/424 [00:18<01:01,  5.79it/s]
Details:  16%|█▌        | 68/424 [00:18<01:01,  5.81it/s]
Details:  16%|█▋        | 69/424 [00:19<01:00,  5.82it/s]
Details:  17%|█▋        | 70/424 [00:19<01:01,  5.76it/s]
Details:  17%|█▋        | 71/424 [00:19<00:59,  5.90it/s]
Details:  17%|█▋        | 72/424 [00:19<00:58,  6.03it/s]
Details:  17%|█▋        | 73/424 [00:19<00:58,  6.05it/s]
Details:  17%|█▋        | 74/424 [00:19<00:58,  5.94it/s]
Details:  18%|█▊        | 75/424 [00:20<00:58,  5.99it/s]
Details:  18%|█▊        | 76/424 [00:20<00:56,  6.21it/s]
Details:  18%|█▊        | 77/424 [00:20<00:55,  6.21it/s]
Details:  18%|█▊        | 78/424 [00:20<00:54,  6.32it/s]
Details:  19%|█▊        | 79/424 [00:20<00:56,  6.15it/s]
Details:  19%|█▉        | 80/424 [00:20<00:56,  6.06it/s]
Details:  19%|█▉        | 81/424 [00:21<00:57,  5.98it/s]
Details:  19%|█▉        | 82/424 [00:21<00:57,  5.99it/s]
Details:  20%|█▉        | 83/424 [00:21<00:56,  6.00it/s]
Details:  20%|█▉        | 84/424 [00:21<00:57,  5.92it/s]
Details:  20%|██        | 85/424 [00:21<00:57,  5.90it/s]
Details:  20%|██        | 86/424 [00:21<00:58,  5.80it/s]
Details:  21%|██        | 87/424 [00:22<00:57,  5.86it/s]
Details:  21%|██        | 88/424 [00:22<00:55,  6.04it/s]
Details:  21%|██        | 89/424 [00:22<00:52,  6.34it/s]
Details:  21%|██        | 90/424 [00:22<00:51,  6.52it/s]
Details:  21%|██▏       | 91/424 [00:22<00:50,  6.57it/s]
Details:  22%|██▏       | 92/424 [00:22<00:50,  6.58it/s]
Details:  22%|██▏       | 93/424 [00:22<00:50,  6.56it/s]
Details:  22%|██▏       | 94/424 [00:23<00:51,  6.38it/s]
Details:  22%|██▏       | 95/424 [00:23<00:52,  6.24it/s]
Details:  23%|██▎       | 96/424 [00:23<00:52,  6.23it/s]
Details:  23%|██▎       | 97/424 [00:23<00:52,  6.21it/s]
Details:  23%|██▎       | 98/424 [00:23<00:53,  6.09it/s]
Details:  23%|██▎       | 99/424 [00:24<00:54,  5.92it/s]
Details:  24%|██▎       | 100/424 [00:24<00:54,  5.94it/s]
Details:  24%|██▍       | 101/424 [00:24<00:53,  6.07it/s]
Details:  24%|██▍       | 102/424 [00:24<00:52,  6.16it/s]
Details:  24%|██▍       | 103/424 [00:24<00:52,  6.13it/s]
Details:  25%|██▍       | 104/424 [00:24<00:53,  6.01it/s]
Details:  25%|██▍       | 105/424 [00:25<00:54,  5.89it/s]
Details:  25%|██▌       | 106/424 [00:25<00:53,  5.91it/s]
Details:  25%|██▌       | 107/424 [00:25<00:53,  5.96it/s]
Details:  25%|██▌       | 108/424 [00:25<00:53,  5.95it/s]
Details:  26%|██▌       | 109/424 [00:25<00:53,  5.89it/s]
Details:  26%|██▌       | 110/424 [00:25<00:51,  6.06it/s]
Details:  26%|██▌       | 111/424 [00:25<00:51,  6.08it/s]
Details:  26%|██▋       | 112/424 [00:26<00:49,  6.26it/s]
Details:  27%|██▋       | 113/424 [00:26<00:49,  6.24it/s]
Details:  27%|██▋       | 114/424 [00:26<00:50,  6.19it/s]
Details:  27%|██▋       | 115/424 [00:26<00:49,  6.28it/s]
Details:  27%|██▋       | 116/424 [00:26<00:47,  6.50it/s]
Details:  28%|██▊       | 117/424 [00:26<00:47,  6.44it/s]
Details:  28%|██▊       | 118/424 [00:27<00:47,  6.50it/s]
Details:  28%|██▊       | 119/424 [00:27<00:47,  6.43it/s]
Details:  28%|██▊       | 120/424 [00:27<00:46,  6.52it/s]
Details:  29%|██▊       | 121/424 [00:27<00:45,  6.60it/s]
Details:  29%|██▉       | 122/424 [00:27<00:48,  6.18it/s]
Details:  29%|██▉       | 123/424 [00:27<00:48,  6.15it/s]
Details:  29%|██▉       | 124/424 [00:28<00:49,  6.07it/s]
Details:  29%|██▉       | 125/424 [00:28<00:49,  6.09it/s]
Details:  30%|██▉       | 126/424 [00:28<00:48,  6.16it/s]
Details:  30%|██▉       | 127/424 [00:28<00:48,  6.17it/s]
Details:  30%|███       | 128/424 [00:28<00:50,  5.82it/s]
Details:  30%|███       | 129/424 [00:28<00:54,  5.38it/s]
Details:  31%|███       | 130/424 [00:29<00:56,  5.24it/s]
Details:  31%|███       | 131/424 [00:29<00:53,  5.44it/s]
Details:  31%|███       | 132/424 [00:29<00:52,  5.51it/s]
Details:  31%|███▏      | 133/424 [00:29<00:51,  5.60it/s]
Details:  32%|███▏      | 134/424 [00:29<00:50,  5.78it/s]
Details:  32%|███▏      | 135/424 [00:29<00:49,  5.84it/s]
Details:  32%|███▏      | 136/424 [00:30<00:49,  5.88it/s]
Details:  32%|███▏      | 137/424 [00:30<00:46,  6.11it/s]
Details:  33%|███▎      | 138/424 [00:30<00:45,  6.22it/s]
Details:  33%|███▎      | 139/424 [00:30<00:45,  6.27it/s]
Details:  33%|███▎      | 140/424 [00:30<00:45,  6.24it/s]
Details:  33%|███▎      | 141/424 [00:30<00:45,  6.21it/s]
Details:  33%|███▎      | 142/424 [00:31<00:46,  6.08it/s]
Details:  34%|███▎      | 143/424 [00:31<00:45,  6.19it/s]
Details:  34%|███▍      | 144/424 [00:31<00:43,  6.42it/s]
Details:  34%|███▍      | 145/424 [00:31<00:43,  6.37it/s]
Details:  34%|███▍      | 146/424 [00:31<00:43,  6.42it/s]
Details:  35%|███▍      | 147/424 [00:31<00:43,  6.44it/s]
Details:  35%|███▍      | 148/424 [00:32<00:43,  6.36it/s]
Details:  35%|███▌      | 149/424 [00:32<00:42,  6.42it/s]
Details:  35%|███▌      | 150/424 [00:32<00:43,  6.33it/s]
Details:  36%|███▌      | 151/424 [00:32<00:44,  6.17it/s]
Details:  36%|███▌      | 152/424 [00:32<00:44,  6.14it/s]
Details:  36%|███▌      | 153/424 [00:32<00:44,  6.15it/s]
Details:  36%|███▋      | 154/424 [00:33<00:44,  6.12it/s]
Details:  37%|███▋      | 155/424 [00:33<00:44,  6.03it/s]
Details:  37%|███▋      | 156/424 [00:33<00:44,  6.02it/s]
Details:  37%|███▋      | 157/424 [00:33<00:44,  5.95it/s]
Details:  37%|███▋      | 158/424 [00:33<00:43,  6.07it/s]
Details:  38%|███▊      | 159/424 [00:33<00:43,  6.07it/s]
Details:  38%|███▊      | 160/424 [00:34<00:47,  5.58it/s]
Details:  38%|███▊      | 161/424 [00:34<00:46,  5.71it/s]
Details:  38%|███▊      | 162/424 [00:34<00:44,  5.85it/s]
Details:  38%|███▊      | 163/424 [00:34<00:44,  5.81it/s]
Details:  39%|███▊      | 164/424 [00:34<00:44,  5.82it/s]
Details:  39%|███▉      | 165/424 [00:34<00:44,  5.80it/s]
Details:  39%|███▉      | 166/424 [00:35<00:43,  5.99it/s]
Details:  39%|███▉      | 167/424 [00:35<00:42,  6.11it/s]
Details:  40%|███▉      | 168/424 [00:35<00:41,  6.24it/s]
Details:  40%|███▉      | 169/424 [00:35<00:41,  6.20it/s]
Details:  40%|████      | 170/424 [00:35<00:41,  6.11it/s]
Details:  40%|████      | 171/424 [00:36<00:51,  4.87it/s]
Details:  41%|████      | 172/424 [00:36<00:51,  4.90it/s]
Details:  41%|████      | 173/424 [00:37<01:42,  2.45it/s]
Details:  41%|████      | 174/424 [00:37<01:26,  2.90it/s]
Details:  41%|████▏     | 175/424 [00:37<01:13,  3.37it/s]
Details:  42%|████▏     | 176/424 [00:37<01:05,  3.78it/s]
Details:  42%|████▏     | 177/424 [00:38<01:14,  3.30it/s]
Details:  42%|████▏     | 178/424 [00:38<01:07,  3.66it/s]
Details:  42%|████▏     | 179/424 [00:38<01:04,  3.82it/s]
Details:  42%|████▏     | 180/424 [00:38<00:58,  4.20it/s]
Details:  43%|████▎     | 181/424 [00:38<00:53,  4.54it/s]
Details:  43%|████▎     | 182/424 [00:39<00:50,  4.81it/s]
Details:  43%|████▎     | 183/424 [00:39<00:49,  4.85it/s]
Details:  43%|████▎     | 184/424 [00:39<01:19,  3.03it/s]
Details:  44%|████▎     | 185/424 [00:40<01:12,  3.28it/s]
Details:  44%|████▍     | 186/424 [00:40<01:02,  3.80it/s]
Details:  44%|████▍     | 187/424 [00:40<00:56,  4.19it/s]
Details:  44%|████▍     | 188/424 [00:41<01:44,  2.25it/s]
Details:  45%|████▍     | 189/424 [00:41<01:33,  2.51it/s]
Details:  45%|████▍     | 190/424 [00:42<01:35,  2.46it/s]
Details:  45%|████▌     | 191/424 [00:42<01:21,  2.87it/s]
Details:  45%|████▌     | 192/424 [00:42<01:15,  3.05it/s]
Details:  46%|████▌     | 193/424 [00:42<01:04,  3.57it/s]
Details:  46%|████▌     | 194/424 [00:43<01:10,  3.28it/s]
Details:  46%|████▌     | 195/424 [00:43<01:07,  3.38it/s]
Details:  46%|████▌     | 196/424 [00:43<00:59,  3.81it/s]
Details:  46%|████▋     | 197/424 [00:43<00:57,  3.94it/s]
Details:  47%|████▋     | 198/424 [00:44<00:59,  3.78it/s]
Details:  47%|████▋     | 199/424 [00:44<00:58,  3.86it/s]
Details:  47%|████▋     | 200/424 [00:44<01:23,  2.68it/s]
Details:  47%|████▋     | 201/424 [00:45<01:12,  3.08it/s]
Details:  48%|████▊     | 202/424 [00:45<01:02,  3.58it/s]
Details:  48%|████▊     | 203/424 [00:45<00:55,  3.96it/s]
Details:  48%|████▊     | 204/424 [00:45<00:51,  4.31it/s]
Details:  48%|████▊     | 205/424 [00:45<00:50,  4.31it/s]
Details:  49%|████▊     | 206/424 [00:46<00:49,  4.44it/s]
Details:  49%|████▉     | 207/424 [00:46<01:09,  3.11it/s]
Details:  49%|████▉     | 208/424 [00:47<01:14,  2.90it/s]
Details:  49%|████▉     | 209/424 [00:47<01:24,  2.56it/s]
Details:  50%|████▉     | 210/424 [00:48<01:35,  2.25it/s]
Details:  50%|████▉     | 211/424 [00:48<01:17,  2.76it/s]
Details:  50%|█████     | 212/424 [00:48<01:06,  3.17it/s]
Details:  50%|█████     | 213/424 [00:48<00:59,  3.53it/s]
Details:  50%|█████     | 214/424 [00:49<01:03,  3.29it/s]
Details:  51%|█████     | 215/424 [00:49<01:01,  3.42it/s]
Details:  51%|█████     | 216/424 [00:49<00:55,  3.77it/s]
Details:  51%|█████     | 217/424 [00:49<00:50,  4.09it/s]
Details:  51%|█████▏    | 218/424 [00:50<00:59,  3.48it/s]
Details:  52%|█████▏    | 219/424 [00:50<00:53,  3.85it/s]
Details:  52%|█████▏    | 220/424 [00:50<00:48,  4.23it/s]
Details:  52%|█████▏    | 221/424 [00:51<01:10,  2.87it/s]
Details:  52%|█████▏    | 222/424 [00:51<01:05,  3.09it/s]
Details:  53%|█████▎    | 223/424 [00:52<01:21,  2.45it/s]
Details:  53%|█████▎    | 224/424 [00:52<01:15,  2.64it/s]
Details:  53%|█████▎    | 225/424 [00:52<01:03,  3.11it/s]
Details:  53%|█████▎    | 226/424 [00:53<01:47,  1.85it/s]
Details:  54%|█████▎    | 227/424 [00:54<02:05,  1.57it/s]
Details:  54%|█████▍    | 228/424 [00:55<02:13,  1.47it/s]
Details:  54%|█████▍    | 229/424 [00:55<02:12,  1.47it/s]
Details:  54%|█████▍    | 230/424 [00:56<02:01,  1.59it/s]
Details:  54%|█████▍    | 231/424 [00:56<01:34,  2.04it/s]
Details:  55%|█████▍    | 232/424 [00:57<01:53,  1.70it/s]
Details:  55%|█████▍    | 233/424 [00:58<02:16,  1.40it/s]
Details:  55%|█████▌    | 234/424 [00:58<02:02,  1.55it/s]
Details:  55%|█████▌    | 235/424 [00:59<01:41,  1.87it/s]
Details:  56%|█████▌    | 236/424 [00:59<01:26,  2.17it/s]
Details:  56%|█████▌    | 237/424 [01:00<01:33,  1.99it/s]
Details:  56%|█████▌    | 238/424 [01:00<01:21,  2.29it/s]
Details:  56%|█████▋    | 239/424 [01:00<01:09,  2.67it/s]
Details:  57%|█████▋    | 240/424 [01:00<00:59,  3.11it/s]
Details:  57%|█████▋    | 241/424 [01:01<00:53,  3.43it/s]
Details:  57%|█████▋    | 242/424 [01:01<00:48,  3.79it/s]
Details:  57%|█████▋    | 243/424 [01:01<00:43,  4.18it/s]
Details:  58%|█████▊    | 244/424 [01:01<00:57,  3.13it/s]
Details:  58%|█████▊    | 245/424 [01:02<00:59,  2.99it/s]
Details:  58%|█████▊    | 246/424 [01:02<00:53,  3.34it/s]
Details:  58%|█████▊    | 247/424 [01:03<01:18,  2.26it/s]
Details:  58%|█████▊    | 248/424 [01:03<01:06,  2.66it/s]
Details:  59%|█████▊    | 249/424 [01:03<01:12,  2.43it/s]
Details:  59%|█████▉    | 250/424 [01:04<01:27,  1.98it/s]
Details:  59%|█████▉    | 251/424 [01:04<01:15,  2.31it/s]
Details:  59%|█████▉    | 252/424 [01:05<01:06,  2.58it/s]
Details:  60%|█████▉    | 253/424 [01:06<01:28,  1.94it/s]
Details:  60%|█████▉    | 254/424 [01:06<01:27,  1.95it/s]
Details:  60%|██████    | 255/424 [01:07<01:40,  1.68it/s]
Details:  60%|██████    | 256/424 [01:07<01:19,  2.11it/s]
Details:  61%|██████    | 257/424 [01:07<01:04,  2.59it/s]
Details:  61%|██████    | 258/424 [01:07<00:53,  3.11it/s]
Details:  61%|██████    | 259/424 [01:08<00:59,  2.76it/s]
Details:  61%|██████▏   | 260/424 [01:08<00:50,  3.27it/s]
Details:  62%|██████▏   | 261/424 [01:08<00:44,  3.62it/s]
Details:  62%|██████▏   | 262/424 [01:08<00:41,  3.94it/s]
Details:  62%|██████▏   | 263/424 [01:09<00:47,  3.37it/s]
Details:  62%|██████▏   | 264/424 [01:10<01:15,  2.11it/s]
Details:  62%|██████▎   | 265/424 [01:10<01:01,  2.60it/s]
Details:  63%|██████▎   | 266/424 [01:10<00:58,  2.69it/s]
Details:  63%|██████▎   | 267/424 [01:11<01:16,  2.06it/s]
Details:  63%|██████▎   | 268/424 [01:12<01:33,  1.67it/s]
Details:  63%|██████▎   | 269/424 [01:13<01:50,  1.40it/s]
Details:  64%|██████▎   | 270/424 [01:14<01:58,  1.30it/s]
Details:  64%|██████▍   | 271/424 [01:14<01:32,  1.66it/s]
Details:  64%|██████▍   | 272/424 [01:14<01:12,  2.09it/s]
Details:  64%|██████▍   | 273/424 [01:15<01:25,  1.77it/s]
Details:  65%|██████▍   | 274/424 [01:16<01:27,  1.71it/s]
Details:  65%|██████▍   | 275/424 [01:16<01:42,  1.46it/s]
Details:  65%|██████▌   | 276/424 [01:17<01:47,  1.37it/s]
Details:  65%|██████▌   | 277/424 [01:18<01:31,  1.61it/s]
Details:  66%|██████▌   | 278/424 [01:18<01:24,  1.74it/s]
Details:  66%|██████▌   | 279/424 [01:18<01:07,  2.16it/s]
Details:  66%|██████▌   | 280/424 [01:19<00:55,  2.61it/s]
Details:  66%|██████▋   | 281/424 [01:19<00:46,  3.05it/s]
Details:  67%|██████▋   | 282/424 [01:19<00:40,  3.48it/s]
Details:  67%|██████▋   | 283/424 [01:19<00:37,  3.73it/s]
Details:  67%|██████▋   | 284/424 [01:19<00:32,  4.25it/s]
Details:  67%|██████▋   | 285/424 [01:20<00:49,  2.79it/s]
Details:  67%|██████▋   | 286/424 [01:20<00:51,  2.67it/s]
Details:  68%|██████▊   | 287/424 [01:21<01:00,  2.25it/s]
Details:  68%|██████▊   | 288/424 [01:21<00:51,  2.65it/s]
Details:  68%|██████▊   | 289/424 [01:21<00:43,  3.13it/s]
Details:  68%|██████▊   | 290/424 [01:22<00:58,  2.28it/s]
Details:  69%|██████▊   | 291/424 [01:22<00:50,  2.63it/s]
Details:  69%|██████▉   | 292/424 [01:23<00:42,  3.09it/s]
Details:  69%|██████▉   | 293/424 [01:23<00:37,  3.53it/s]
Details:  69%|██████▉   | 294/424 [01:23<00:33,  3.84it/s]
Details:  70%|██████▉   | 295/424 [01:23<00:32,  4.00it/s]
Details:  70%|██████▉   | 296/424 [01:23<00:29,  4.36it/s]
Details:  70%|███████   | 297/424 [01:23<00:27,  4.65it/s]
Details:  70%|███████   | 298/424 [01:24<00:26,  4.68it/s]
Details:  71%|███████   | 299/424 [01:24<00:26,  4.67it/s]
Details:  71%|███████   | 300/424 [01:24<00:25,  4.81it/s]
Details:  71%|███████   | 301/424 [01:25<00:34,  3.59it/s]
Details:  71%|███████   | 302/424 [01:25<00:47,  2.57it/s]
Details:  71%|███████▏  | 303/424 [01:25<00:40,  3.00it/s]
Details:  72%|███████▏  | 304/424 [01:26<00:34,  3.45it/s]
Details:  72%|███████▏  | 305/424 [01:26<00:53,  2.22it/s]
Details:  72%|███████▏  | 306/424 [01:27<00:43,  2.72it/s]
Details:  72%|███████▏  | 307/424 [01:27<00:36,  3.24it/s]
Details:  73%|███████▎  | 308/424 [01:27<00:30,  3.77it/s]
Details:  73%|███████▎  | 309/424 [01:27<00:30,  3.78it/s]
Details:  73%|███████▎  | 310/424 [01:28<00:40,  2.85it/s]
Details:  73%|███████▎  | 311/424 [01:28<00:34,  3.32it/s]
Details:  74%|███████▎  | 312/424 [01:28<00:32,  3.50it/s]
Details:  74%|███████▍  | 313/424 [01:29<00:52,  2.12it/s]
Details:  74%|███████▍  | 314/424 [01:29<00:42,  2.57it/s]
Details:  74%|███████▍  | 315/424 [01:30<00:50,  2.15it/s]
Details:  75%|███████▍  | 316/424 [01:31<00:59,  1.81it/s]
Details:  75%|███████▍  | 317/424 [01:31<01:07,  1.59it/s]
Details:  75%|███████▌  | 318/424 [01:32<01:13,  1.44it/s]
Details:  75%|███████▌  | 319/424 [01:33<01:13,  1.44it/s]
Details:  75%|███████▌  | 320/424 [01:34<01:05,  1.58it/s]
Details:  76%|███████▌  | 321/424 [01:34<01:08,  1.51it/s]
Details:  76%|███████▌  | 322/424 [01:35<01:01,  1.66it/s]
Details:  76%|███████▌  | 323/424 [01:35<00:52,  1.94it/s]
Details:  76%|███████▋  | 324/424 [01:35<00:44,  2.24it/s]
Details:  77%|███████▋  | 325/424 [01:36<00:37,  2.67it/s]
Details:  77%|███████▋  | 326/424 [01:36<00:43,  2.28it/s]
Details:  77%|███████▋  | 327/424 [01:36<00:35,  2.72it/s]
Details:  77%|███████▋  | 328/424 [01:37<00:30,  3.13it/s]
Details:  78%|███████▊  | 329/424 [01:37<00:27,  3.50it/s]
Details:  78%|███████▊  | 330/424 [01:37<00:27,  3.42it/s]
Details:  78%|███████▊  | 331/424 [01:37<00:25,  3.63it/s]
Details:  78%|███████▊  | 332/424 [01:38<00:25,  3.59it/s]
Details:  79%|███████▊  | 333/424 [01:38<00:24,  3.78it/s]
Details:  79%|███████▉  | 334/424 [01:38<00:22,  4.04it/s]
Details:  79%|███████▉  | 335/424 [01:38<00:20,  4.35it/s]
Details:  79%|███████▉  | 336/424 [01:38<00:19,  4.60it/s]
Details:  79%|███████▉  | 337/424 [01:39<00:18,  4.83it/s]
Details:  80%|███████▉  | 338/424 [01:39<00:18,  4.69it/s]
Details:  80%|███████▉  | 339/424 [01:39<00:17,  4.83it/s]
Details:  80%|████████  | 340/424 [01:39<00:16,  5.12it/s]
Details:  80%|████████  | 341/424 [01:39<00:16,  5.07it/s]
Details:  81%|████████  | 342/424 [01:40<00:15,  5.26it/s]
Details:  81%|████████  | 343/424 [01:40<00:17,  4.74it/s]
Details:  81%|████████  | 344/424 [01:40<00:16,  4.71it/s]
Details:  81%|████████▏ | 345/424 [01:41<00:24,  3.17it/s]
Details:  82%|████████▏ | 346/424 [01:41<00:22,  3.51it/s]
Details:  82%|████████▏ | 347/424 [01:41<00:31,  2.41it/s]
Details:  82%|████████▏ | 348/424 [01:42<00:26,  2.91it/s]
Details:  82%|████████▏ | 349/424 [01:42<00:22,  3.35it/s]
Details:  83%|████████▎ | 350/424 [01:42<00:20,  3.54it/s]
Details:  83%|████████▎ | 351/424 [01:42<00:20,  3.64it/s]
Details:  83%|████████▎ | 352/424 [01:43<00:18,  3.93it/s]
Details:  83%|████████▎ | 353/424 [01:43<00:23,  3.00it/s]
Details:  83%|████████▎ | 354/424 [01:44<00:31,  2.25it/s]
Details:  84%|████████▎ | 355/424 [01:44<00:32,  2.15it/s]
Details:  84%|████████▍ | 356/424 [01:44<00:26,  2.58it/s]
Details:  84%|████████▍ | 357/424 [01:45<00:22,  2.98it/s]
Details:  84%|████████▍ | 358/424 [01:45<00:24,  2.71it/s]
Details:  85%|████████▍ | 359/424 [01:46<00:26,  2.44it/s]
Details:  85%|████████▍ | 360/424 [01:46<00:27,  2.32it/s]
Details:  85%|████████▌ | 361/424 [01:47<00:29,  2.15it/s]
Details:  85%|████████▌ | 362/424 [01:47<00:32,  1.91it/s]
Details:  86%|████████▌ | 363/424 [01:48<00:37,  1.62it/s]
Details:  86%|████████▌ | 364/424 [01:49<00:36,  1.66it/s]
Details:  86%|████████▌ | 365/424 [01:49<00:37,  1.56it/s]
Details:  86%|████████▋ | 366/424 [01:50<00:38,  1.49it/s]
Details:  87%|████████▋ | 367/424 [01:50<00:30,  1.90it/s]
Details:  87%|████████▋ | 368/424 [01:51<00:23,  2.34it/s]
Details:  87%|████████▋ | 369/424 [01:51<00:19,  2.83it/s]
Details:  87%|████████▋ | 370/424 [01:52<00:29,  1.85it/s]
Details:  88%|████████▊ | 371/424 [01:52<00:26,  2.00it/s]
Details:  88%|████████▊ | 372/424 [01:52<00:23,  2.25it/s]
Details:  88%|████████▊ | 373/424 [01:53<00:19,  2.68it/s]
Details:  88%|████████▊ | 374/424 [01:53<00:19,  2.58it/s]
Details:  88%|████████▊ | 375/424 [01:54<00:23,  2.08it/s]
Details:  89%|████████▊ | 376/424 [01:54<00:22,  2.17it/s]
Details:  89%|████████▉ | 377/424 [01:55<00:20,  2.33it/s]
Details:  89%|████████▉ | 378/424 [01:55<00:23,  1.95it/s]
Details:  89%|████████▉ | 379/424 [01:56<00:25,  1.76it/s]
Details:  90%|████████▉ | 380/424 [01:56<00:20,  2.14it/s]
Details:  90%|████████▉ | 381/424 [01:57<00:23,  1.80it/s]
Details:  90%|█████████ | 382/424 [01:57<00:18,  2.26it/s]
Details:  90%|█████████ | 383/424 [01:57<00:15,  2.66it/s]
Details:  91%|█████████ | 384/424 [01:58<00:13,  3.04it/s]
Details:  91%|█████████ | 385/424 [01:58<00:11,  3.28it/s]
Details:  91%|█████████ | 386/424 [01:58<00:15,  2.49it/s]
Details:  91%|█████████▏| 387/424 [01:59<00:18,  2.04it/s]
Details:  92%|█████████▏| 388/424 [01:59<00:14,  2.49it/s]
Details:  92%|█████████▏| 389/424 [02:00<00:12,  2.91it/s]
Details:  92%|█████████▏| 390/424 [02:00<00:10,  3.16it/s]
Details:  92%|█████████▏| 391/424 [02:00<00:11,  2.91it/s]
Details:  92%|█████████▏| 392/424 [02:01<00:12,  2.63it/s]
Details:  93%|█████████▎| 393/424 [02:01<00:09,  3.13it/s]
Details:  93%|█████████▎| 394/424 [02:01<00:09,  3.08it/s]
Details:  93%|█████████▎| 395/424 [02:01<00:08,  3.52it/s]
Details:  93%|█████████▎| 396/424 [02:02<00:07,  3.94it/s]
Details:  94%|█████████▎| 397/424 [02:02<00:06,  4.10it/s]
Details:  94%|█████████▍| 398/424 [02:03<00:11,  2.33it/s]
Details:  94%|█████████▍| 399/424 [02:03<00:08,  2.80it/s]
Details:  94%|█████████▍| 400/424 [02:03<00:07,  3.22it/s]
Details:  95%|█████████▍| 401/424 [02:03<00:06,  3.58it/s]
Details:  95%|█████████▍| 402/424 [02:04<00:07,  2.97it/s]
Details:  95%|█████████▌| 403/424 [02:04<00:08,  2.58it/s]
Details:  95%|█████████▌| 404/424 [02:05<00:08,  2.35it/s]
Details:  96%|█████████▌| 405/424 [02:06<00:11,  1.60it/s]
Details:  96%|█████████▌| 406/424 [02:07<00:11,  1.53it/s]
Details:  96%|█████████▌| 407/424 [02:07<00:09,  1.89it/s]
Details:  96%|█████████▌| 408/424 [02:07<00:08,  1.89it/s]
Details:  96%|█████████▋| 409/424 [02:08<00:09,  1.59it/s]
Details:  97%|█████████▋| 410/424 [02:09<00:09,  1.55it/s]
Details:  97%|█████████▋| 411/424 [02:10<00:08,  1.45it/s]
Details:  97%|█████████▋| 412/424 [02:10<00:06,  1.85it/s]
Details:  97%|█████████▋| 413/424 [02:10<00:04,  2.27it/s]
Details:  98%|█████████▊| 414/424 [02:10<00:03,  2.53it/s]
Details:  98%|█████████▊| 415/424 [02:11<00:03,  2.94it/s]
Details:  98%|█████████▊| 416/424 [02:11<00:02,  3.18it/s]
Details:  98%|█████████▊| 417/424 [02:11<00:02,  2.65it/s]
Details:  99%|█████████▊| 418/424 [02:12<00:02,  2.99it/s]
Details:  99%|█████████▉| 419/424 [02:12<00:01,  3.38it/s]
Details:  99%|█████████▉| 420/424 [02:12<00:01,  3.67it/s]
Details:  99%|█████████▉| 421/424 [02:13<00:01,  2.70it/s]
Details: 100%|█████████▉| 422/424 [02:13<00:00,  3.12it/s]
Details: 100%|█████████▉| 423/424 [02:13<00:00,  3.49it/s]
Details: 100%|██████████| 424/424 [02:13<00:00,  3.45it/s]
Details: 100%|██████████| 424/424 [02:13<00:00,  3.17it/s]

Tiles:   0%|          | 0/424 [00:00<?, ?it/s]
Tiles:   3%|▎         | 13/424 [00:00<00:03, 122.40it/s]
Tiles:   6%|▌         | 26/424 [00:00<00:03, 124.40it/s]
Tiles:   9%|▉         | 39/424 [00:00<00:03, 123.98it/s]
Tiles:  12%|█▎        | 53/424 [00:00<00:02, 127.63it/s]
Tiles:  16%|█▌        | 66/424 [00:00<00:02, 122.65it/s]
Tiles:  19%|█▉        | 80/424 [00:00<00:02, 126.01it/s]
Tiles:  22%|██▏       | 94/424 [00:00<00:02, 127.42it/s]
Tiles:  25%|██▌       | 108/424 [00:00<00:02, 128.94it/s]
Tiles:  29%|██▊       | 121/424 [00:00<00:02, 128.04it/s]
Tiles:  32%|███▏      | 135/424 [00:01<00:02, 128.74it/s]
Tiles:  35%|███▍      | 148/424 [00:01<00:02, 128.61it/s]
Tiles:  38%|███▊      | 161/424 [00:01<00:02, 127.12it/s]
Tiles:  41%|████      | 174/424 [00:01<00:02, 123.52it/s]
Tiles:  44%|████▍     | 187/424 [00:01<00:01, 121.64it/s]
Tiles:  47%|████▋     | 201/424 [00:01<00:01, 124.39it/s]
Tiles:  51%|█████     | 215/424 [00:01<00:01, 127.00it/s]
Tiles:  54%|█████▍    | 228/424 [00:01<00:01, 125.97it/s]
Tiles:  57%|█████▋    | 241/424 [00:01<00:01, 126.92it/s]
Tiles:  60%|█████▉    | 254/424 [00:02<00:01, 126.45it/s]
Tiles:  63%|██████▎   | 268/424 [00:02<00:01, 129.31it/s]
Tiles:  67%|██████▋   | 282/424 [00:02<00:01, 131.62it/s]
Tiles:  70%|██████▉   | 296/424 [00:02<00:00, 131.65it/s]
Tiles:  73%|███████▎  | 310/424 [00:02<00:00, 131.49it/s]
Tiles:  76%|███████▋  | 324/424 [00:02<00:00, 130.37it/s]
Tiles:  80%|███████▉  | 338/424 [00:02<00:00, 127.33it/s]
Tiles:  83%|████████▎ | 351/424 [00:02<00:00, 126.23it/s]
Tiles:  86%|████████▌ | 364/424 [00:02<00:00, 121.87it/s]
Tiles:  89%|████████▉ | 377/424 [00:02<00:00, 122.59it/s]
Tiles:  92%|█████████▏| 390/424 [00:03<00:00, 122.64it/s]
Tiles:  95%|█████████▌| 403/424 [00:03<00:00, 121.13it/s]
Tiles:  98%|█████████▊| 416/424 [00:03<00:00, 119.71it/s]
Tiles: 100%|██████████| 424/424 [00:03<00:00, 125.41it/s]

Details:   0%|          | 0/424 [00:00<?, ?it/s]
Details:   0%|          | 1/424 [00:00<03:44,  1.88it/s]
Details:   0%|          | 2/424 [00:01<04:33,  1.54it/s]
Details:   1%|          | 3/424 [00:02<05:50,  1.20it/s]
Details:   1%|          | 4/424 [00:02<05:19,  1.31it/s]
Details:   1%|          | 5/424 [00:03<05:40,  1.23it/s]
Details:   1%|▏         | 6/424 [00:04<04:59,  1.40it/s]
Details:   2%|▏         | 7/424 [00:05<05:06,  1.36it/s]
Details:   2%|▏         | 8/424 [00:05<03:56,  1.76it/s]
Details:   2%|▏         | 9/424 [00:06<05:07,  1.35it/s]
Details:   2%|▏         | 10/424 [00:07<04:58,  1.39it/s]
Details:   3%|▎         | 11/424 [00:07<05:01,  1.37it/s]
Details:   3%|▎         | 12/424 [00:08<04:05,  1.68it/s]
Details:   3%|▎         | 13/424 [00:08<04:13,  1.62it/s]
Details:   3%|▎         | 14/424 [00:09<04:19,  1.58it/s]
Details:   4%|▎         | 15/424 [00:09<03:25,  1.99it/s]
Details:   4%|▍         | 16/424 [00:10<02:58,  2.29it/s]
Details:   4%|▍         | 17/424 [00:10<02:40,  2.54it/s]
Details:   4%|▍         | 18/424 [00:11<03:22,  2.01it/s]
Details:   4%|▍         | 19/424 [00:11<02:42,  2.49it/s]
Details:   5%|▍         | 20/424 [00:11<02:23,  2.82it/s]
Details:   5%|▍         | 21/424 [00:12<03:08,  2.14it/s]
Details:   5%|▌         | 22/424 [00:12<02:31,  2.65it/s]
Details:   5%|▌         | 23/424 [00:12<02:41,  2.48it/s]
Details:   6%|▌         | 24/424 [00:13<03:30,  1.90it/s]
Details:   6%|▌         | 25/424 [00:13<03:05,  2.15it/s]
Details:   6%|▌         | 26/424 [00:14<02:36,  2.54it/s]
Details:   6%|▋         | 27/424 [00:15<03:31,  1.88it/s]
Details:   7%|▋         | 28/424 [00:15<02:47,  2.36it/s]
Details:   7%|▋         | 29/424 [00:15<02:24,  2.73it/s]
Details:   7%|▋         | 30/424 [00:16<03:09,  2.08it/s]
Details:   7%|▋         | 31/424 [00:17<04:06,  1.60it/s]
Details:   8%|▊         | 32/424 [00:18<04:51,  1.34it/s]
Details:   8%|▊         | 33/424 [00:18<04:50,  1.35it/s]
Details:   8%|▊         | 34/424 [00:20<05:30,  1.18it/s]
Details:   8%|▊         | 35/424 [00:20<05:33,  1.16it/s]
Details:   8%|▊         | 36/424 [00:21<05:16,  1.23it/s]
Details:   9%|▊         | 37/424 [00:22<05:32,  1.16it/s]
Details:   9%|▉         | 38/424 [00:23<05:06,  1.26it/s]
Details:   9%|▉         | 39/424 [00:24<05:14,  1.22it/s]
Details:   9%|▉         | 40/424 [00:24<05:06,  1.25it/s]
Details:  10%|▉         | 41/424 [00:25<04:58,  1.28it/s]
Details:  10%|▉         | 42/424 [00:26<04:50,  1.31it/s]
Details:  10%|█         | 43/424 [00:26<03:53,  1.63it/s]
Details:  10%|█         | 44/424 [00:27<04:02,  1.57it/s]
Details:  11%|█         | 45/424 [00:27<03:16,  1.93it/s]
Details:  11%|█         | 46/424 [00:28<04:07,  1.53it/s]
Details:  11%|█         | 47/424 [00:29<04:07,  1.52it/s]
Details:  11%|█▏        | 48/424 [00:29<03:20,  1.88it/s]
Details:  12%|█▏        | 49/424 [00:29<02:40,  2.33it/s]
Details:  12%|█▏        | 50/424 [00:30<03:17,  1.90it/s]
Details:  12%|█▏        | 51/424 [00:31<03:46,  1.64it/s]
Details:  12%|█▏        | 52/424 [00:31<04:02,  1.53it/s]
Details:  12%|█▎        | 53/424 [00:32<03:05,  2.00it/s]
Details:  13%|█▎        | 54/424 [00:32<03:47,  1.62it/s]
Details:  13%|█▎        | 55/424 [00:33<03:52,  1.59it/s]
Details:  13%|█▎        | 56/424 [00:34<04:05,  1.50it/s]
Details:  13%|█▎        | 57/424 [00:35<04:31,  1.35it/s]
Details:  14%|█▎        | 58/424 [00:36<04:46,  1.28it/s]
Details:  14%|█▍        | 59/424 [00:36<03:43,  1.63it/s]
Details:  14%|█▍        | 60/424 [00:36<03:01,  2.01it/s]
Details:  14%|█▍        | 61/424 [00:37<03:56,  1.54it/s]
Details:  15%|█▍        | 62/424 [00:38<04:12,  1.44it/s]
Details:  15%|█▍        | 63/424 [00:39<04:15,  1.41it/s]
Details:  15%|█▌        | 64/424 [00:39<03:18,  1.81it/s]
Details:  15%|█▌        | 65/424 [00:39<03:22,  1.77it/s]
Details:  16%|█▌        | 66/424 [00:40<03:15,  1.83it/s]
Details:  16%|█▌        | 67/424 [00:40<02:40,  2.23it/s]
Details:  16%|█▌        | 68/424 [00:40<02:27,  2.42it/s]
Details:  16%|█▋        | 69/424 [00:41<02:22,  2.49it/s]
Details:  17%|█▋        | 70/424 [00:41<02:39,  2.23it/s]
Details:  17%|█▋        | 71/424 [00:42<02:10,  2.70it/s]
Details:  17%|█▋        | 72/424 [00:42<02:03,  2.86it/s]
Details:  17%|█▋        | 73/424 [00:42<01:58,  2.95it/s]
Details:  17%|█▋        | 74/424 [00:43<03:21,  1.74it/s]
Details:  18%|█▊        | 75/424 [00:43<02:37,  2.22it/s]
Details:  18%|█▊        | 76/424 [00:44<02:29,  2.32it/s]
Details:  18%|█▊        | 77/424 [00:44<02:34,  2.24it/s]
Details:  18%|█▊        | 78/424 [00:45<02:04,  2.79it/s]
Details:  19%|█▊        | 79/424 [00:45<01:48,  3.18it/s]
Details:  19%|█▉        | 80/424 [00:45<01:38,  3.51it/s]
Details:  19%|█▉        | 81/424 [00:46<02:23,  2.39it/s]
Details:  19%|█▉        | 82/424 [00:47<03:29,  1.63it/s]
Details:  20%|█▉        | 83/424 [00:48<03:47,  1.50it/s]
Details:  20%|█▉        | 84/424 [00:48<03:26,  1.64it/s]
Details:  20%|██        | 85/424 [00:49<04:02,  1.40it/s]
Details:  20%|██        | 86/424 [00:49<03:12,  1.76it/s]
Details:  21%|██        | 87/424 [00:49<02:34,  2.19it/s]
Details:  21%|██        | 88/424 [00:50<02:53,  1.93it/s]
Details:  21%|██        | 89/424 [00:51<03:16,  1.71it/s]
Details:  21%|██        | 90/424 [00:52<03:40,  1.51it/s]
Details:  21%|██▏       | 91/424 [00:52<03:46,  1.47it/s]
Details:  22%|██▏       | 92/424 [00:53<04:15,  1.30it/s]
Details:  22%|██▏       | 93/424 [00:54<04:03,  1.36it/s]
Details:  22%|██▏       | 94/424 [00:55<03:58,  1.38it/s]
Details:  22%|██▏       | 95/424 [00:55<03:16,  1.67it/s]
Details:  23%|██▎       | 96/424 [00:55<02:37,  2.09it/s]
Details:  23%|██▎       | 97/424 [00:56<03:05,  1.76it/s]
Details:  23%|██▎       | 98/424 [00:57<03:05,  1.76it/s]
Details:  23%|██▎       | 99/424 [00:57<03:21,  1.62it/s]
Details:  24%|██▎       | 100/424 [00:58<03:41,  1.46it/s]
Details:  24%|██▍       | 101/424 [00:59<03:37,  1.49it/s]
Details:  24%|██▍       | 102/424 [00:59<02:54,  1.85it/s]
Details:  24%|██▍       | 103/424 [00:59<02:31,  2.13it/s]
Details:  25%|██▍       | 104/424 [01:00<02:46,  1.92it/s]
Details:  25%|██▍       | 105/424 [01:00<02:31,  2.11it/s]
Details:  25%|██▌       | 106/424 [01:01<02:07,  2.49it/s]
Details:  25%|██▌       | 107/424 [01:01<01:50,  2.86it/s]
Details:  25%|██▌       | 108/424 [01:01<02:20,  2.24it/s]
Details:  26%|██▌       | 109/424 [01:02<01:55,  2.73it/s]
Details:  26%|██▌       | 110/424 [01:02<01:42,  3.05it/s]
Details:  26%|██▌       | 111/424 [01:02<01:34,  3.31it/s]
Details:  26%|██▋       | 112/424 [01:03<02:02,  2.55it/s]
Details:  27%|██▋       | 113/424 [01:03<01:49,  2.84it/s]
Details:  27%|██▋       | 114/424 [01:03<01:36,  3.22it/s]
Details:  27%|██▋       | 115/424 [01:03<01:24,  3.64it/s]
Details:  27%|██▋       | 116/424 [01:04<01:13,  4.19it/s]
Details:  28%|██▊       | 117/424 [01:04<01:07,  4.56it/s]
Details:  28%|██▊       | 118/424 [01:04<01:50,  2.77it/s]
Details:  28%|██▊       | 119/424 [01:05<01:32,  3.28it/s]
Details:  28%|██▊       | 120/424 [01:05<01:22,  3.71it/s]
Details:  29%|██▊       | 121/424 [01:05<01:35,  3.17it/s]
Details:  29%|██▉       | 122/424 [01:05<01:18,  3.82it/s]
Details:  29%|██▉       | 123/424 [01:06<01:29,  3.36it/s]
Details:  29%|██▉       | 124/424 [01:06<01:18,  3.80it/s]
Details:  29%|██▉       | 125/424 [01:06<01:07,  4.42it/s]
Details:  30%|██▉       | 126/424 [01:07<01:34,  3.15it/s]
Details:  30%|██▉       | 127/424 [01:07<01:48,  2.73it/s]
Details:  30%|███       | 128/424 [01:07<01:30,  3.26it/s]
Details:  30%|███       | 129/424 [01:07<01:21,  3.61it/s]
Details:  31%|███       | 130/424 [01:08<02:27,  1.99it/s]
Details:  31%|███       | 131/424 [01:09<02:41,  1.81it/s]
Details:  31%|███       | 132/424 [01:09<02:09,  2.25it/s]
Details:  31%|███▏      | 133/424 [01:10<02:21,  2.06it/s]
Details:  32%|███▏      | 134/424 [01:10<01:54,  2.53it/s]
Details:  32%|███▏      | 135/424 [01:10<01:37,  2.97it/s]
Details:  32%|███▏      | 136/424 [01:10<01:25,  3.37it/s]
Details:  32%|███▏      | 137/424 [01:11<02:01,  2.37it/s]
Details:  33%|███▎      | 138/424 [01:11<01:41,  2.81it/s]
Details:  33%|███▎      | 139/424 [01:12<01:43,  2.74it/s]
Details:  33%|███▎      | 140/424 [01:12<02:09,  2.20it/s]
Details:  33%|███▎      | 141/424 [01:13<02:24,  1.96it/s]
Details:  33%|███▎      | 142/424 [01:14<02:38,  1.78it/s]
Details:  34%|███▎      | 143/424 [01:14<02:03,  2.27it/s]
Details:  34%|███▍      | 144/424 [01:14<01:38,  2.85it/s]
Details:  34%|███▍      | 145/424 [01:14<01:23,  3.35it/s]
Details:  34%|███▍      | 146/424 [01:15<01:37,  2.85it/s]
Details:  35%|███▍      | 147/424 [01:15<01:23,  3.33it/s]
Details:  35%|███▍      | 148/424 [01:15<01:13,  3.78it/s]
Details:  35%|███▌      | 149/424 [01:15<01:17,  3.56it/s]
Details:  35%|███▌      | 150/424 [01:16<01:13,  3.74it/s]
Details:  36%|███▌      | 151/424 [01:16<01:13,  3.74it/s]
Details:  36%|███▌      | 152/424 [01:17<02:00,  2.25it/s]
Details:  36%|███▌      | 153/424 [01:17<01:38,  2.74it/s]
Details:  36%|███▋      | 154/424 [01:17<01:26,  3.14it/s]
Details:  37%|███▋      | 155/424 [01:18<02:09,  2.08it/s]
Details:  37%|███▋      | 156/424 [01:18<01:47,  2.49it/s]
Details:  37%|███▋      | 157/424 [01:18<01:30,  2.94it/s]
Details:  37%|███▋      | 158/424 [01:19<01:16,  3.47it/s]
Details:  38%|███▊      | 159/424 [01:19<01:13,  3.63it/s]
Details:  38%|███▊      | 160/424 [01:19<01:31,  2.87it/s]
Details:  38%|███▊      | 161/424 [01:20<01:19,  3.33it/s]
Details:  38%|███▊      | 162/424 [01:20<01:07,  3.86it/s]
Details:  38%|███▊      | 163/424 [01:20<01:00,  4.32it/s]
Details:  39%|███▊      | 164/424 [01:20<01:05,  3.99it/s]
Details:  39%|███▉      | 165/424 [01:20<01:03,  4.06it/s]
Details:  39%|███▉      | 166/424 [01:21<01:28,  2.91it/s]
Details:  39%|███▉      | 167/424 [01:21<01:21,  3.17it/s]
Details:  40%|███▉      | 168/424 [01:21<01:17,  3.31it/s]
Details:  40%|███▉      | 169/424 [01:22<01:06,  3.84it/s]
Details:  40%|████      | 170/424 [01:22<01:03,  4.02it/s]
Details:  40%|████      | 171/424 [01:22<00:58,  4.29it/s]
Details:  41%|████      | 172/424 [01:22<00:53,  4.72it/s]
Details:  41%|████      | 173/424 [01:22<00:50,  4.98it/s]
Details:  41%|████      | 174/424 [01:23<00:48,  5.11it/s]
Details:  41%|████▏     | 175/424 [01:23<01:04,  3.84it/s]
Details:  42%|████▏     | 176/424 [01:23<00:59,  4.17it/s]
Details:  42%|████▏     | 177/424 [01:23<00:56,  4.35it/s]
Details:  42%|████▏     | 178/424 [01:24<00:53,  4.62it/s]
Details:  42%|████▏     | 179/424 [01:24<00:52,  4.66it/s]
Details:  42%|████▏     | 180/424 [01:24<00:50,  4.84it/s]
Details:  43%|████▎     | 181/424 [01:24<00:53,  4.54it/s]
Details:  43%|████▎     | 182/424 [01:25<01:08,  3.55it/s]
Details:  43%|████▎     | 183/424 [01:25<01:00,  3.96it/s]
Details:  43%|████▎     | 184/424 [01:25<00:54,  4.44it/s]
Details:  44%|████▎     | 185/424 [01:25<00:52,  4.53it/s]
Details:  44%|████▍     | 186/424 [01:25<00:52,  4.55it/s]
Details:  44%|████▍     | 187/424 [01:26<00:52,  4.50it/s]
Details:  44%|████▍     | 188/424 [01:26<01:01,  3.81it/s]
Details:  45%|████▍     | 189/424 [01:26<00:57,  4.10it/s]
Details:  45%|████▍     | 190/424 [01:26<00:55,  4.25it/s]
Details:  45%|████▌     | 191/424 [01:27<00:55,  4.23it/s]
Details:  45%|████▌     | 192/424 [01:27<01:02,  3.74it/s]
Details:  46%|████▌     | 193/424 [01:27<00:56,  4.11it/s]
Details:  46%|████▌     | 194/424 [01:27<01:00,  3.82it/s]
Details:  46%|████▌     | 195/424 [01:29<02:02,  1.87it/s]
Details:  46%|████▌     | 196/424 [01:29<01:46,  2.14it/s]
Details:  46%|████▋     | 197/424 [01:29<01:30,  2.52it/s]
Details:  47%|████▋     | 198/424 [01:30<01:50,  2.04it/s]
Details:  47%|████▋     | 199/424 [01:30<01:47,  2.10it/s]
Details:  47%|████▋     | 200/424 [01:31<01:30,  2.46it/s]
Details:  47%|████▋     | 201/424 [01:31<02:04,  1.80it/s]
Details:  48%|████▊     | 202/424 [01:32<01:45,  2.11it/s]
Details:  48%|████▊     | 203/424 [01:32<01:26,  2.55it/s]
Details:  48%|████▊     | 204/424 [01:33<01:45,  2.09it/s]
Details:  48%|████▊     | 205/424 [01:33<01:30,  2.42it/s]
Details:  49%|████▊     | 206/424 [01:33<01:15,  2.89it/s]
Details:  49%|████▉     | 207/424 [01:33<01:05,  3.32it/s]
Details:  49%|████▉     | 208/424 [01:33<00:56,  3.82it/s]
Details:  49%|████▉     | 209/424 [01:34<00:51,  4.18it/s]
Details:  50%|████▉     | 210/424 [01:34<01:14,  2.86it/s]
Details:  50%|████▉     | 211/424 [01:34<01:02,  3.38it/s]
Details:  50%|█████     | 212/424 [01:35<00:54,  3.91it/s]
Details:  50%|█████     | 213/424 [01:35<00:50,  4.20it/s]
Details:  50%|█████     | 214/424 [01:35<00:47,  4.43it/s]
Details:  51%|█████     | 215/424 [01:35<00:51,  4.03it/s]
Details:  51%|█████     | 216/424 [01:35<00:48,  4.28it/s]
Details:  51%|█████     | 217/424 [01:36<00:45,  4.51it/s]
Details:  51%|█████▏    | 218/424 [01:36<00:51,  3.99it/s]
Details:  52%|█████▏    | 219/424 [01:36<00:48,  4.24it/s]
Details:  52%|█████▏    | 220/424 [01:37<01:09,  2.95it/s]
Details:  52%|█████▏    | 221/424 [01:37<00:57,  3.53it/s]
Details:  52%|█████▏    | 222/424 [01:37<00:52,  3.82it/s]
Details:  53%|█████▎    | 223/424 [01:37<00:48,  4.18it/s]
Details:  53%|█████▎    | 224/424 [01:38<00:45,  4.44it/s]
Details:  53%|█████▎    | 225/424 [01:38<00:43,  4.52it/s]
Details:  53%|█████▎    | 226/424 [01:38<00:41,  4.79it/s]
Details:  54%|█████▎    | 227/424 [01:38<00:41,  4.72it/s]
Details:  54%|█████▍    | 228/424 [01:38<00:39,  4.91it/s]
Details:  54%|█████▍    | 229/424 [01:39<00:38,  5.04it/s]
Details:  54%|█████▍    | 230/424 [01:39<00:37,  5.16it/s]
Details:  54%|█████▍    | 231/424 [01:39<00:35,  5.43it/s]
Details:  55%|█████▍    | 232/424 [01:39<00:33,  5.71it/s]
Details:  55%|█████▍    | 233/424 [01:39<00:32,  5.89it/s]
Details:  55%|█████▌    | 234/424 [01:39<00:33,  5.64it/s]
Details:  55%|█████▌    | 235/424 [01:40<00:37,  5.09it/s]
Details:  56%|█████▌    | 236/424 [01:40<00:35,  5.32it/s]
Details:  56%|█████▌    | 237/424 [01:40<00:34,  5.42it/s]
Details:  56%|█████▌    | 238/424 [01:40<00:33,  5.63it/s]
Details:  56%|█████▋    | 239/424 [01:40<00:31,  5.84it/s]
Details:  57%|█████▋    | 240/424 [01:40<00:31,  5.81it/s]
Details:  57%|█████▋    | 241/424 [01:41<00:34,  5.37it/s]
Details:  57%|█████▋    | 242/424 [01:41<00:33,  5.47it/s]
Details:  57%|█████▋    | 243/424 [01:41<00:33,  5.44it/s]
Details:  58%|█████▊    | 244/424 [01:41<00:32,  5.57it/s]
Details:  58%|█████▊    | 245/424 [01:41<00:33,  5.42it/s]
Details:  58%|█████▊    | 246/424 [01:42<00:33,  5.30it/s]
Details:  58%|█████▊    | 247/424 [01:42<00:34,  5.20it/s]
Details:  58%|█████▊    | 248/424 [01:42<00:38,  4.58it/s]
Details:  59%|█████▊    | 249/424 [01:42<00:40,  4.32it/s]
Details:  59%|█████▉    | 250/424 [01:43<00:38,  4.54it/s]
Details:  59%|█████▉    | 251/424 [01:43<00:34,  4.99it/s]
Details:  59%|█████▉    | 252/424 [01:43<00:37,  4.56it/s]
Details:  60%|█████▉    | 253/424 [01:43<00:36,  4.65it/s]
Details:  60%|█████▉    | 254/424 [01:43<00:35,  4.79it/s]
Details:  60%|██████    | 255/424 [01:44<00:34,  4.92it/s]
Details:  60%|██████    | 256/424 [01:44<00:33,  4.95it/s]
Details:  61%|██████    | 257/424 [01:44<00:34,  4.82it/s]
Details:  61%|██████    | 258/424 [01:44<00:32,  5.19it/s]
Details:  61%|██████    | 259/424 [01:44<00:40,  4.05it/s]
Details:  61%|██████▏   | 260/424 [01:45<01:00,  2.73it/s]
Details:  62%|██████▏   | 261/424 [01:45<00:49,  3.28it/s]
Details:  62%|██████▏   | 262/424 [01:45<00:42,  3.83it/s]
Details:  62%|██████▏   | 263/424 [01:46<00:37,  4.31it/s]
Details:  62%|██████▏   | 264/424 [01:46<00:34,  4.68it/s]
Details:  62%|██████▎   | 265/424 [01:46<00:37,  4.27it/s]
Details:  63%|██████▎   | 266/424 [01:46<00:38,  4.12it/s]
Details:  63%|██████▎   | 267/424 [01:47<00:35,  4.48it/s]
Details:  63%|██████▎   | 268/424 [01:47<00:35,  4.43it/s]
Details:  63%|██████▎   | 269/424 [01:47<00:35,  4.41it/s]
Details:  64%|██████▎   | 270/424 [01:47<00:35,  4.32it/s]
Details:  64%|██████▍   | 271/424 [01:47<00:34,  4.47it/s]
Details:  64%|██████▍   | 272/424 [01:48<00:32,  4.63it/s]
Details:  64%|██████▍   | 273/424 [01:48<00:40,  3.70it/s]
Details:  65%|██████▍   | 274/424 [01:48<00:36,  4.08it/s]
Details:  65%|██████▍   | 275/424 [01:48<00:35,  4.20it/s]
Details:  65%|██████▌   | 276/424 [01:49<00:33,  4.48it/s]
Details:  65%|██████▌   | 277/424 [01:49<00:30,  4.78it/s]
Details:  66%|██████▌   | 278/424 [01:49<00:29,  4.89it/s]
Details:  66%|██████▌   | 279/424 [01:49<00:28,  5.08it/s]
Details:  66%|██████▌   | 280/424 [01:49<00:27,  5.21it/s]
Details:  66%|██████▋   | 281/424 [01:50<00:34,  4.18it/s]
Details:  67%|██████▋   | 282/424 [01:50<00:31,  4.52it/s]
Details:  67%|██████▋   | 283/424 [01:50<00:28,  4.90it/s]
Details:  67%|██████▋   | 284/424 [01:50<00:28,  4.95it/s]
Details:  67%|██████▋   | 285/424 [01:50<00:26,  5.33it/s]
Details:  67%|██████▋   | 286/424 [01:51<00:26,  5.21it/s]
Details:  68%|██████▊   | 287/424 [01:51<00:25,  5.37it/s]
Details:  68%|██████▊   | 288/424 [01:51<00:25,  5.30it/s]
Details:  68%|██████▊   | 289/424 [01:51<00:24,  5.41it/s]
Details:  68%|██████▊   | 290/424 [01:51<00:24,  5.41it/s]
Details:  69%|██████▊   | 291/424 [01:51<00:24,  5.43it/s]
Details:  69%|██████▉   | 292/424 [01:52<00:25,  5.19it/s]
Details:  69%|██████▉   | 293/424 [01:52<00:24,  5.29it/s]
Details:  69%|██████▉   | 294/424 [01:52<00:24,  5.28it/s]
Details:  70%|██████▉   | 295/424 [01:52<00:24,  5.25it/s]
Details:  70%|██████▉   | 296/424 [01:52<00:24,  5.27it/s]
Details:  70%|███████   | 297/424 [01:53<00:23,  5.38it/s]
Details:  70%|███████   | 298/424 [01:53<00:23,  5.46it/s]
Details:  71%|███████   | 299/424 [01:53<00:23,  5.30it/s]
Details:  71%|███████   | 300/424 [01:53<00:23,  5.30it/s]
Details:  71%|███████   | 301/424 [01:53<00:21,  5.69it/s]
Details:  71%|███████   | 302/424 [01:54<00:20,  5.82it/s]
Details:  71%|███████▏  | 303/424 [01:54<00:21,  5.65it/s]
Details:  72%|███████▏  | 304/424 [01:54<00:21,  5.68it/s]
Details:  72%|███████▏  | 305/424 [01:54<00:20,  5.76it/s]
Details:  72%|███████▏  | 306/424 [01:54<00:20,  5.66it/s]
Details:  72%|███████▏  | 307/424 [01:54<00:20,  5.78it/s]
Details:  73%|███████▎  | 308/424 [01:55<00:19,  6.06it/s]
Details:  73%|███████▎  | 309/424 [01:55<00:19,  5.95it/s]
Details:  73%|███████▎  | 310/424 [01:55<00:19,  5.84it/s]
Details:  73%|███████▎  | 311/424 [01:55<00:19,  5.78it/s]
Details:  74%|███████▎  | 312/424 [01:55<00:20,  5.50it/s]
Details:  74%|███████▍  | 313/424 [01:55<00:21,  5.26it/s]
Details:  74%|███████▍  | 314/424 [01:56<00:20,  5.39it/s]
Details:  74%|███████▍  | 315/424 [01:56<00:20,  5.43it/s]
Details:  75%|███████▍  | 316/424 [01:56<00:19,  5.46it/s]
Details:  75%|███████▍  | 317/424 [01:56<00:19,  5.49it/s]
Details:  75%|███████▌  | 318/424 [01:56<00:19,  5.54it/s]
Details:  75%|███████▌  | 319/424 [01:57<00:18,  5.53it/s]
Details:  75%|███████▌  | 320/424 [01:57<00:18,  5.49it/s]
Details:  76%|███████▌  | 321/424 [01:57<00:18,  5.52it/s]
Details:  76%|███████▌  | 322/424 [01:57<00:18,  5.41it/s]
Details:  76%|███████▌  | 323/424 [01:57<00:18,  5.50it/s]
Details:  76%|███████▋  | 324/424 [01:57<00:17,  5.60it/s]
Details:  77%|███████▋  | 325/424 [01:58<00:17,  5.57it/s]
Details:  77%|███████▋  | 326/424 [01:58<00:34,  2.83it/s]
Details:  77%|███████▋  | 327/424 [01:59<00:32,  3.03it/s]
Details:  77%|███████▋  | 328/424 [01:59<00:28,  3.35it/s]
Details:  78%|███████▊  | 329/424 [01:59<00:25,  3.75it/s]
Details:  78%|███████▊  | 330/424 [01:59<00:24,  3.88it/s]
Details:  78%|███████▊  | 331/424 [01:59<00:21,  4.32it/s]
Details:  78%|███████▊  | 332/424 [02:00<00:20,  4.41it/s]
Details:  79%|███████▊  | 333/424 [02:00<00:18,  4.88it/s]
Details:  79%|███████▉  | 334/424 [02:00<00:18,  4.93it/s]
Details:  79%|███████▉  | 335/424 [02:00<00:16,  5.26it/s]
Details:  79%|███████▉  | 336/424 [02:00<00:18,  4.71it/s]
Details:  79%|███████▉  | 337/424 [02:01<00:17,  4.90it/s]
Details:  80%|███████▉  | 338/424 [02:01<00:27,  3.12it/s]
Details:  80%|███████▉  | 339/424 [02:01<00:23,  3.65it/s]
Details:  80%|████████  | 340/424 [02:02<00:20,  4.07it/s]
Details:  80%|████████  | 341/424 [02:02<00:18,  4.40it/s]
Details:  81%|████████  | 342/424 [02:02<00:19,  4.21it/s]
Details:  81%|████████  | 343/424 [02:02<00:19,  4.20it/s]
Details:  81%|████████  | 344/424 [02:03<00:24,  3.29it/s]
Details:  81%|████████▏ | 345/424 [02:03<00:20,  3.77it/s]
Details:  82%|████████▏ | 346/424 [02:03<00:18,  4.13it/s]
Details:  82%|████████▏ | 347/424 [02:03<00:17,  4.42it/s]
Details:  82%|████████▏ | 348/424 [02:03<00:15,  4.77it/s]
Details:  82%|████████▏ | 349/424 [02:04<00:20,  3.57it/s]
Details:  83%|████████▎ | 350/424 [02:04<00:20,  3.67it/s]
Details:  83%|████████▎ | 351/424 [02:04<00:18,  4.01it/s]
Details:  83%|████████▎ | 352/424 [02:05<00:25,  2.78it/s]
Details:  83%|████████▎ | 353/424 [02:05<00:26,  2.67it/s]
Details:  83%|████████▎ | 354/424 [02:06<00:22,  3.18it/s]
Details:  84%|████████▎ | 355/424 [02:06<00:18,  3.67it/s]
Details:  84%|████████▍ | 356/424 [02:06<00:17,  3.92it/s]
Details:  84%|████████▍ | 357/424 [02:06<00:16,  4.01it/s]
Details:  84%|████████▍ | 358/424 [02:06<00:15,  4.31it/s]
Details:  85%|████████▍ | 359/424 [02:07<00:13,  4.72it/s]
Details:  85%|████████▍ | 360/424 [02:07<00:13,  4.86it/s]
Details:  85%|████████▌ | 361/424 [02:07<00:12,  5.00it/s]
Details:  85%|████████▌ | 362/424 [02:07<00:13,  4.61it/s]
Details:  86%|████████▌ | 363/424 [02:07<00:13,  4.69it/s]
Details:  86%|████████▌ | 364/424 [02:08<00:15,  3.87it/s]
Details:  86%|████████▌ | 365/424 [02:08<00:18,  3.20it/s]
Details:  86%|████████▋ | 366/424 [02:08<00:17,  3.23it/s]
Details:  87%|████████▋ | 367/424 [02:09<00:23,  2.39it/s]
Details:  87%|████████▋ | 368/424 [02:09<00:20,  2.78it/s]
Details:  87%|████████▋ | 369/424 [02:10<00:17,  3.20it/s]
Details:  87%|████████▋ | 370/424 [02:10<00:15,  3.45it/s]
Details:  88%|████████▊ | 371/424 [02:10<00:13,  3.86it/s]
Details:  88%|████████▊ | 372/424 [02:10<00:11,  4.37it/s]
Details:  88%|████████▊ | 373/424 [02:10<00:11,  4.56it/s]
Details:  88%|████████▊ | 374/424 [02:11<00:10,  4.88it/s]
Details:  88%|████████▊ | 375/424 [02:11<00:12,  3.99it/s]
Details:  89%|████████▊ | 376/424 [02:11<00:11,  4.05it/s]
Details:  89%|████████▉ | 377/424 [02:11<00:10,  4.46it/s]
Details:  89%|████████▉ | 378/424 [02:12<00:10,  4.43it/s]
Details:  89%|████████▉ | 379/424 [02:12<00:11,  3.86it/s]
Details:  90%|████████▉ | 380/424 [02:12<00:12,  3.43it/s]
Details:  90%|████████▉ | 381/424 [02:13<00:12,  3.50it/s]
Details:  90%|█████████ | 382/424 [02:13<00:10,  3.91it/s]
Details:  90%|█████████ | 383/424 [02:13<00:09,  4.35it/s]
Details:  91%|█████████ | 384/424 [02:13<00:09,  4.17it/s]
Details:  91%|█████████ | 385/424 [02:13<00:08,  4.38it/s]
Details:  91%|█████████ | 386/424 [02:14<00:09,  3.81it/s]
Details:  91%|█████████▏| 387/424 [02:14<00:08,  4.22it/s]
Details:  92%|█████████▏| 388/424 [02:14<00:07,  4.76it/s]
Details:  92%|█████████▏| 389/424 [02:14<00:07,  4.67it/s]
Details:  92%|█████████▏| 390/424 [02:14<00:06,  4.93it/s]
Details:  92%|█████████▏| 391/424 [02:15<00:06,  5.11it/s]
Details:  92%|█████████▏| 392/424 [02:15<00:06,  5.09it/s]
Details:  93%|█████████▎| 393/424 [02:15<00:05,  5.20it/s]
Details:  93%|█████████▎| 394/424 [02:15<00:06,  4.32it/s]
Details:  93%|█████████▎| 395/424 [02:15<00:06,  4.67it/s]
Details:  93%|█████████▎| 396/424 [02:16<00:05,  4.75it/s]
Details:  94%|█████████▎| 397/424 [02:16<00:05,  5.23it/s]
Details:  94%|█████████▍| 398/424 [02:16<00:04,  5.46it/s]
Details:  94%|█████████▍| 399/424 [02:16<00:05,  4.84it/s]
Details:  94%|█████████▍| 400/424 [02:17<00:06,  3.91it/s]
Details:  95%|█████████▍| 401/424 [02:17<00:05,  4.30it/s]
Details:  95%|█████████▍| 402/424 [02:17<00:04,  4.41it/s]
Details:  95%|█████████▌| 403/424 [02:17<00:04,  4.21it/s]
Details:  95%|█████████▌| 404/424 [02:18<00:06,  3.32it/s]
Details:  96%|█████████▌| 405/424 [02:18<00:05,  3.71it/s]
Details:  96%|█████████▌| 406/424 [02:18<00:04,  3.97it/s]
Details:  96%|█████████▌| 407/424 [02:18<00:04,  3.60it/s]
Details:  96%|█████████▌| 408/424 [02:19<00:04,  3.82it/s]
Details:  96%|█████████▋| 409/424 [02:19<00:03,  4.23it/s]
Details:  97%|█████████▋| 410/424 [02:19<00:03,  4.32it/s]
Details:  97%|█████████▋| 411/424 [02:19<00:02,  4.72it/s]
Details:  97%|█████████▋| 412/424 [02:19<00:02,  4.91it/s]
Details:  97%|█████████▋| 413/424 [02:20<00:02,  4.90it/s]
Details:  98%|█████████▊| 414/424 [02:20<00:02,  4.44it/s]
Details:  98%|█████████▊| 415/424 [02:20<00:02,  3.69it/s]
Details:  98%|█████████▊| 416/424 [02:20<00:01,  4.11it/s]
Details:  98%|█████████▊| 417/424 [02:21<00:01,  4.47it/s]
Details:  99%|█████████▊| 418/424 [02:21<00:01,  4.81it/s]
Details:  99%|█████████▉| 419/424 [02:21<00:01,  4.22it/s]
Details:  99%|█████████▉| 420/424 [02:21<00:00,  4.44it/s]
Details:  99%|█████████▉| 421/424 [02:22<00:00,  4.52it/s]
Details: 100%|█████████▉| 422/424 [02:22<00:00,  4.70it/s]
Details: 100%|█████████▉| 423/424 [02:22<00:00,  4.68it/s]
Details: 100%|██████████| 424/424 [02:22<00:00,  4.90it/s]
Details: 100%|██████████| 424/424 [02:22<00:00,  2.97it/s]

Tiles:   0%|          | 0/424 [00:00<?, ?it/s]
Tiles:   3%|▎         | 13/424 [00:00<00:03, 127.73it/s]
Tiles:   6%|▋         | 27/424 [00:00<00:02, 132.69it/s]
Tiles:  10%|▉         | 41/424 [00:00<00:02, 128.27it/s]
Tiles:  13%|█▎        | 54/424 [00:00<00:03, 121.78it/s]
Tiles:  16%|█▌        | 67/424 [00:00<00:02, 120.79it/s]
Tiles:  19%|█▉        | 81/424 [00:00<00:02, 124.73it/s]
Tiles:  22%|██▏       | 94/424 [00:00<00:02, 125.97it/s]
Tiles:  25%|██▌       | 108/424 [00:00<00:02, 128.61it/s]
Tiles:  29%|██▊       | 121/424 [00:00<00:02, 129.01it/s]
Tiles:  32%|███▏      | 134/424 [00:01<00:02, 128.95it/s]
Tiles:  35%|███▍      | 147/424 [00:01<00:02, 127.42it/s]
Tiles:  38%|███▊      | 160/424 [00:01<00:02, 125.63it/s]
Tiles:  41%|████      | 173/424 [00:01<00:01, 125.57it/s]
Tiles:  44%|████▍     | 187/424 [00:01<00:01, 128.37it/s]
Tiles:  47%|████▋     | 200/424 [00:01<00:01, 128.49it/s]
Tiles:  50%|█████     | 214/424 [00:01<00:01, 129.67it/s]
Tiles:  54%|█████▎    | 227/424 [00:01<00:01, 124.76it/s]
Tiles:  57%|█████▋    | 240/424 [00:01<00:01, 120.70it/s]
Tiles:  60%|█████▉    | 253/424 [00:02<00:01, 122.53it/s]
Tiles:  63%|██████▎   | 266/424 [00:02<00:01, 123.93it/s]
Tiles:  66%|██████▌   | 280/424 [00:02<00:01, 127.98it/s]
Tiles:  69%|██████▉   | 293/424 [00:02<00:01, 126.71it/s]
Tiles:  72%|███████▏  | 307/424 [00:02<00:00, 130.33it/s]
Tiles:  76%|███████▌  | 321/424 [00:02<00:00, 128.53it/s]
Tiles:  79%|███████▉  | 334/424 [00:02<00:00, 128.34it/s]
Tiles:  82%|████████▏ | 347/424 [00:02<00:00, 125.42it/s]
Tiles:  85%|████████▌ | 361/424 [00:02<00:00, 127.20it/s]
Tiles:  88%|████████▊ | 375/424 [00:02<00:00, 130.72it/s]
Tiles:  92%|█████████▏| 389/424 [00:03<00:00, 131.07it/s]
Tiles:  95%|█████████▌| 403/424 [00:03<00:00, 130.48it/s]
Tiles:  98%|█████████▊| 417/424 [00:03<00:00, 126.58it/s]
Tiles: 100%|██████████| 424/424 [00:03<00:00, 127.03it/s]

Details:   0%|          | 0/424 [00:00<?, ?it/s]
Details:   0%|          | 1/424 [00:00<01:17,  5.46it/s]
Details:   0%|          | 2/424 [00:00<01:14,  5.66it/s]
Details:   1%|          | 3/424 [00:00<01:14,  5.69it/s]
Details:   1%|          | 4/424 [00:00<01:10,  5.97it/s]
Details:   1%|          | 5/424 [00:00<01:07,  6.20it/s]
Details:   1%|▏         | 6/424 [00:01<01:13,  5.69it/s]
Details:   2%|▏         | 7/424 [00:01<01:39,  4.20it/s]
Details:   2%|▏         | 8/424 [00:01<01:27,  4.73it/s]
Details:   2%|▏         | 9/424 [00:01<01:24,  4.89it/s]
Details:   2%|▏         | 10/424 [00:01<01:21,  5.10it/s]
Details:   3%|▎         | 11/424 [00:02<01:20,  5.13it/s]
Details:   3%|▎         | 12/424 [00:02<01:16,  5.41it/s]
Details:   3%|▎         | 13/424 [00:02<01:13,  5.61it/s]
Details:   3%|▎         | 14/424 [00:02<01:31,  4.46it/s]
Details:   4%|▎         | 15/424 [00:02<01:26,  4.73it/s]
Details:   4%|▍         | 16/424 [00:03<01:23,  4.87it/s]
Details:   4%|▍         | 17/424 [00:03<01:20,  5.04it/s]
Details:   4%|▍         | 18/424 [00:03<01:18,  5.14it/s]
Details:   4%|▍         | 19/424 [00:03<01:17,  5.25it/s]
Details:   5%|▍         | 20/424 [00:03<01:17,  5.24it/s]
Details:   5%|▍         | 21/424 [00:04<01:14,  5.38it/s]
Details:   5%|▌         | 22/424 [00:04<01:12,  5.56it/s]
Details:   5%|▌         | 23/424 [00:04<01:11,  5.62it/s]
Details:   6%|▌         | 24/424 [00:04<01:12,  5.53it/s]
Details:   6%|▌         | 25/424 [00:04<01:11,  5.57it/s]
Details:   6%|▌         | 26/424 [00:04<01:12,  5.50it/s]
Details:   6%|▋         | 27/424 [00:05<01:12,  5.47it/s]
Details:   7%|▋         | 28/424 [00:05<01:12,  5.50it/s]
Details:   7%|▋         | 29/424 [00:05<01:09,  5.72it/s]
Details:   7%|▋         | 30/424 [00:05<01:07,  5.86it/s]
Details:   7%|▋         | 31/424 [00:05<01:05,  6.00it/s]
Details:   8%|▊         | 32/424 [00:05<01:01,  6.36it/s]
Details:   8%|▊         | 33/424 [00:06<00:58,  6.65it/s]
Details:   8%|▊         | 34/424 [00:06<01:01,  6.34it/s]
Details:   8%|▊         | 35/424 [00:06<01:03,  6.09it/s]
Details:   8%|▊         | 36/424 [00:06<01:06,  5.84it/s]
Details:   9%|▊         | 37/424 [00:06<01:07,  5.71it/s]
Details:   9%|▉         | 38/424 [00:06<01:07,  5.74it/s]
Details:   9%|▉         | 39/424 [00:07<01:08,  5.60it/s]
Details:   9%|▉         | 40/424 [00:07<01:08,  5.62it/s]
Details:  10%|▉         | 41/424 [00:07<01:07,  5.67it/s]
Details:  10%|▉         | 42/424 [00:07<01:06,  5.70it/s]
Details:  10%|█         | 43/424 [00:07<01:05,  5.78it/s]
Details:  10%|█         | 44/424 [00:08<01:06,  5.71it/s]
Details:  11%|█         | 45/424 [00:08<01:05,  5.74it/s]
Details:  11%|█         | 46/424 [00:08<01:06,  5.70it/s]
Details:  11%|█         | 47/424 [00:08<01:03,  5.89it/s]
Details:  11%|█▏        | 48/424 [00:08<01:02,  5.98it/s]
Details:  12%|█▏        | 49/424 [00:08<01:03,  5.89it/s]
Details:  12%|█▏        | 50/424 [00:09<01:01,  6.05it/s]
Details:  12%|█▏        | 51/424 [00:09<01:00,  6.21it/s]
Details:  12%|█▏        | 52/424 [00:09<00:58,  6.33it/s]
Details:  12%|█▎        | 53/424 [00:09<00:57,  6.51it/s]
Details:  13%|█▎        | 54/424 [00:09<00:56,  6.58it/s]
Details:  13%|█▎        | 55/424 [00:09<00:58,  6.27it/s]
Details:  13%|█▎        | 56/424 [00:09<01:01,  6.02it/s]
Details:  13%|█▎        | 57/424 [00:10<01:02,  5.90it/s]
Details:  14%|█▎        | 58/424 [00:10<01:04,  5.71it/s]
Details:  14%|█▍        | 59/424 [00:10<01:05,  5.58it/s]
Details:  14%|█▍        | 60/424 [00:10<01:10,  5.17it/s]
Details:  14%|█▍        | 61/424 [00:11<01:16,  4.73it/s]
Details:  15%|█▍        | 62/424 [00:11<01:12,  5.01it/s]
Details:  15%|█▍        | 63/424 [00:11<01:09,  5.21it/s]
Details:  15%|█▌        | 64/424 [00:11<01:07,  5.36it/s]
Details:  15%|█▌        | 65/424 [00:11<01:09,  5.17it/s]
Details:  16%|█▌        | 66/424 [00:11<01:04,  5.55it/s]
Details:  16%|█▌        | 67/424 [00:12<01:02,  5.72it/s]
Details:  16%|█▌        | 68/424 [00:12<01:01,  5.76it/s]
Details:  16%|█▋        | 69/424 [00:12<00:59,  5.95it/s]
Details:  17%|█▋        | 70/424 [00:12<01:00,  5.89it/s]
Details:  17%|█▋        | 71/424 [00:12<01:03,  5.54it/s]
Details:  17%|█▋        | 72/424 [00:12<01:01,  5.69it/s]
Details:  17%|█▋        | 73/424 [00:13<00:58,  6.04it/s]
Details:  17%|█▋        | 74/424 [00:13<01:04,  5.46it/s]
Details:  18%|█▊        | 75/424 [00:13<01:01,  5.70it/s]
Details:  18%|█▊        | 76/424 [00:13<00:57,  6.01it/s]
Details:  18%|█▊        | 77/424 [00:13<00:57,  6.06it/s]
Details:  18%|█▊        | 78/424 [00:13<00:55,  6.27it/s]
Details:  19%|█▊        | 79/424 [00:14<00:58,  5.93it/s]
Details:  19%|█▉        | 80/424 [00:14<00:58,  5.92it/s]
Details:  19%|█▉        | 81/424 [00:14<00:58,  5.83it/s]
Details:  19%|█▉        | 82/424 [00:14<01:10,  4.87it/s]
Details:  20%|█▉        | 83/424 [00:14<01:06,  5.09it/s]
Details:  20%|█▉        | 84/424 [00:15<01:05,  5.21it/s]
Details:  20%|██        | 85/424 [00:15<01:04,  5.28it/s]
Details:  20%|██        | 86/424 [00:15<01:03,  5.36it/s]
Details:  21%|██        | 87/424 [00:15<01:02,  5.43it/s]
Details:  21%|██        | 88/424 [00:15<01:00,  5.59it/s]
Details:  21%|██        | 89/424 [00:15<00:57,  5.81it/s]
Details:  21%|██        | 90/424 [00:17<02:33,  2.18it/s]
Details:  21%|██▏       | 91/424 [00:17<02:02,  2.71it/s]
Details:  22%|██▏       | 92/424 [00:17<01:41,  3.28it/s]
Details:  22%|██▏       | 93/424 [00:17<01:26,  3.82it/s]
Details:  22%|██▏       | 94/424 [00:17<01:18,  4.22it/s]
Details:  22%|██▏       | 95/424 [00:17<01:11,  4.62it/s]
Details:  23%|██▎       | 96/424 [00:18<01:03,  5.13it/s]
Details:  23%|██▎       | 97/424 [00:18<00:58,  5.55it/s]
Details:  23%|██▎       | 98/424 [00:18<00:55,  5.89it/s]
Details:  23%|██▎       | 99/424 [00:18<00:53,  6.12it/s]
Details:  24%|██▎       | 100/424 [00:18<00:53,  6.09it/s]
Details:  24%|██▍       | 101/424 [00:18<00:52,  6.16it/s]
Details:  24%|██▍       | 102/424 [00:18<00:48,  6.64it/s]
Details:  24%|██▍       | 103/424 [00:19<00:48,  6.67it/s]
Details:  25%|██▍       | 104/424 [00:19<00:49,  6.49it/s]
Details:  25%|██▍       | 105/424 [00:19<00:47,  6.67it/s]
Details:  25%|██▌       | 106/424 [00:19<00:49,  6.44it/s]
Details:  25%|██▌       | 107/424 [00:19<01:05,  4.87it/s]
Details:  25%|██▌       | 108/424 [00:20<01:01,  5.15it/s]
Details:  26%|██▌       | 109/424 [00:20<00:58,  5.36it/s]
Details:  26%|██▌       | 110/424 [00:20<00:56,  5.59it/s]
Details:  26%|██▌       | 111/424 [00:20<00:55,  5.69it/s]
Details:  26%|██▋       | 112/424 [00:20<00:53,  5.84it/s]
Details:  27%|██▋       | 113/424 [00:20<00:53,  5.85it/s]
Details:  27%|██▋       | 114/424 [00:21<00:53,  5.80it/s]
Details:  27%|██▋       | 115/424 [00:21<01:30,  3.42it/s]
Details:  27%|██▋       | 116/424 [00:21<01:17,  3.98it/s]
Details:  28%|██▊       | 117/424 [00:21<01:11,  4.32it/s]
Details:  28%|██▊       | 118/424 [00:22<01:07,  4.53it/s]
Details:  28%|██▊       | 119/424 [00:22<01:00,  5.02it/s]
Details:  28%|██▊       | 120/424 [00:22<00:57,  5.26it/s]
Details:  29%|██▊       | 121/424 [00:22<00:53,  5.70it/s]
Details:  29%|██▉       | 122/424 [00:22<00:48,  6.18it/s]
Details:  29%|██▉       | 123/424 [00:22<00:46,  6.42it/s]
Details:  29%|██▉       | 124/424 [00:23<00:47,  6.31it/s]
Details:  29%|██▉       | 125/424 [00:23<00:45,  6.61it/s]
Details:  30%|██▉       | 126/424 [00:23<00:44,  6.75it/s]
Details:  30%|██▉       | 127/424 [00:23<00:44,  6.69it/s]
Details:  30%|███       | 128/424 [00:23<00:45,  6.53it/s]
Details:  30%|███       | 129/424 [00:23<00:46,  6.28it/s]
Details:  31%|███       | 130/424 [00:23<00:47,  6.18it/s]
Details:  31%|███       | 131/424 [00:24<00:47,  6.15it/s]
Details:  31%|███       | 132/424 [00:24<00:48,  6.06it/s]
Details:  31%|███▏      | 133/424 [00:24<00:48,  5.94it/s]
Details:  32%|███▏      | 134/424 [00:25<01:32,  3.14it/s]
Details:  32%|███▏      | 135/424 [00:25<01:48,  2.66it/s]
Details:  32%|███▏      | 136/424 [00:25<01:33,  3.08it/s]
Details:  32%|███▏      | 137/424 [00:26<01:19,  3.62it/s]
Details:  33%|███▎      | 138/424 [00:26<01:59,  2.39it/s]
Details:  33%|███▎      | 139/424 [00:26<01:37,  2.91it/s]
Details:  33%|███▎      | 140/424 [00:27<01:23,  3.41it/s]
Details:  33%|███▎      | 141/424 [00:27<01:15,  3.73it/s]
Details:  33%|███▎      | 142/424 [00:27<01:27,  3.23it/s]
Details:  34%|███▎      | 143/424 [00:28<01:55,  2.43it/s]
Details:  34%|███▍      | 144/424 [00:28<01:33,  2.98it/s]
Details:  34%|███▍      | 145/424 [00:28<01:25,  3.27it/s]
Details:  34%|███▍      | 146/424 [00:28<01:14,  3.71it/s]
Details:  35%|███▍      | 147/424 [00:29<01:21,  3.41it/s]
Details:  35%|███▍      | 148/424 [00:29<01:22,  3.34it/s]
Details:  35%|███▌      | 149/424 [00:29<01:13,  3.74it/s]
Details:  35%|███▌      | 150/424 [00:29<01:05,  4.16it/s]
Details:  36%|███▌      | 151/424 [00:30<01:01,  4.41it/s]
Details:  36%|███▌      | 152/424 [00:30<00:59,  4.60it/s]
Details:  36%|███▌      | 153/424 [00:30<00:57,  4.72it/s]
Details:  36%|███▋      | 154/424 [00:31<01:42,  2.64it/s]
Details:  37%|███▋      | 155/424 [00:31<01:26,  3.10it/s]
Details:  37%|███▋      | 156/424 [00:32<01:53,  2.36it/s]
Details:  37%|███▋      | 157/424 [00:32<01:35,  2.80it/s]
Details:  37%|███▋      | 158/424 [00:32<01:21,  3.27it/s]
Details:  38%|███▊      | 159/424 [00:32<01:26,  3.05it/s]
Details:  38%|███▊      | 160/424 [00:33<01:51,  2.36it/s]
Details:  38%|███▊      | 161/424 [00:33<01:33,  2.82it/s]
Details:  38%|███▊      | 162/424 [00:33<01:18,  3.34it/s]
Details:  38%|███▊      | 163/424 [00:34<01:08,  3.79it/s]
Details:  39%|███▊      | 164/424 [00:34<01:03,  4.12it/s]
Details:  39%|███▉      | 165/424 [00:34<01:33,  2.77it/s]
Details:  39%|███▉      | 166/424 [00:35<01:18,  3.27it/s]
Details:  39%|███▉      | 167/424 [00:35<01:09,  3.71it/s]
Details:  40%|███▉      | 168/424 [00:35<01:00,  4.22it/s]
Details:  40%|███▉      | 169/424 [00:36<01:36,  2.65it/s]
Details:  40%|████      | 170/424 [00:36<01:26,  2.95it/s]
Details:  40%|████      | 171/424 [00:36<01:16,  3.32it/s]
Details:  41%|████      | 172/424 [00:36<01:07,  3.71it/s]
Details:  41%|████      | 173/424 [00:37<01:01,  4.10it/s]
Details:  41%|████      | 174/424 [00:37<01:00,  4.11it/s]
Details:  41%|████▏     | 175/424 [00:37<01:18,  3.16it/s]
Details:  42%|████▏     | 176/424 [00:37<01:09,  3.58it/s]
Details:  42%|████▏     | 177/424 [00:38<01:07,  3.64it/s]
Details:  42%|████▏     | 178/424 [00:38<01:01,  3.97it/s]
Details:  42%|████▏     | 179/424 [00:38<01:14,  3.30it/s]
Details:  42%|████▏     | 180/424 [00:39<01:10,  3.47it/s]
Details:  43%|████▎     | 181/424 [00:39<01:03,  3.83it/s]
Details:  43%|████▎     | 182/424 [00:39<00:59,  4.07it/s]
Details:  43%|████▎     | 183/424 [00:39<01:05,  3.71it/s]
Details:  43%|████▎     | 184/424 [00:40<00:57,  4.19it/s]
Details:  44%|████▎     | 185/424 [00:40<00:51,  4.66it/s]
Details:  44%|████▍     | 186/424 [00:40<00:52,  4.52it/s]
Details:  44%|████▍     | 187/424 [00:40<00:48,  4.92it/s]
Details:  44%|████▍     | 188/424 [00:40<00:46,  5.06it/s]
Details:  45%|████▍     | 189/424 [00:40<00:45,  5.12it/s]
Details:  45%|████▍     | 190/424 [00:41<00:44,  5.22it/s]
Details:  45%|████▌     | 191/424 [00:41<00:42,  5.43it/s]
Details:  45%|████▌     | 192/424 [00:41<00:59,  3.92it/s]
Details:  46%|████▌     | 193/424 [00:41<00:54,  4.22it/s]
Details:  46%|████▌     | 194/424 [00:42<00:52,  4.38it/s]
Details:  46%|████▌     | 195/424 [00:42<01:06,  3.44it/s]
Details:  46%|████▌     | 196/424 [00:43<01:34,  2.42it/s]
Details:  46%|████▋     | 197/424 [00:43<01:55,  1.97it/s]
Details:  47%|████▋     | 198/424 [00:44<01:40,  2.26it/s]
Details:  47%|████▋     | 199/424 [00:44<01:24,  2.65it/s]
Details:  47%|████▋     | 200/424 [00:44<01:12,  3.10it/s]
Details:  47%|████▋     | 201/424 [00:44<01:06,  3.36it/s]
Details:  48%|████▊     | 202/424 [00:45<01:20,  2.75it/s]
Details:  48%|████▊     | 203/424 [00:45<01:10,  3.15it/s]
Details:  48%|████▊     | 204/424 [00:46<01:25,  2.57it/s]
Details:  48%|████▊     | 205/424 [00:46<01:13,  2.98it/s]
Details:  49%|████▊     | 206/424 [00:47<01:45,  2.07it/s]
Details:  49%|████▉     | 207/424 [00:47<01:26,  2.52it/s]
Details:  49%|████▉     | 208/424 [00:48<01:38,  2.19it/s]
Details:  49%|████▉     | 209/424 [00:48<01:52,  1.91it/s]
Details:  50%|████▉     | 210/424 [00:48<01:29,  2.40it/s]
Details:  50%|████▉     | 211/424 [00:49<01:12,  2.94it/s]
Details:  50%|█████     | 212/424 [00:49<01:05,  3.22it/s]
Details:  50%|█████     | 213/424 [00:50<01:37,  2.17it/s]
Details:  50%|█████     | 214/424 [00:50<01:20,  2.62it/s]
Details:  51%|█████     | 215/424 [00:50<01:08,  3.06it/s]
Details:  51%|█████     | 216/424 [00:50<01:00,  3.44it/s]
Details:  51%|█████     | 217/424 [00:50<00:58,  3.55it/s]
Details:  51%|█████▏    | 218/424 [00:51<00:53,  3.85it/s]
Details:  52%|█████▏    | 219/424 [00:51<00:50,  4.08it/s]
Details:  52%|█████▏    | 220/424 [00:51<00:48,  4.22it/s]
Details:  52%|█████▏    | 221/424 [00:51<00:45,  4.49it/s]
Details:  52%|█████▏    | 222/424 [00:52<00:43,  4.67it/s]
Details:  53%|█████▎    | 223/424 [00:52<00:48,  4.16it/s]
Details:  53%|█████▎    | 224/424 [00:52<00:45,  4.44it/s]
Details:  53%|█████▎    | 225/424 [00:52<00:44,  4.48it/s]
Details:  53%|█████▎    | 226/424 [00:52<00:44,  4.42it/s]
Details:  54%|█████▎    | 227/424 [00:53<00:42,  4.63it/s]
Details:  54%|█████▍    | 228/424 [00:53<00:41,  4.70it/s]
Details:  54%|█████▍    | 229/424 [00:53<00:40,  4.81it/s]
Details:  54%|█████▍    | 230/424 [00:53<00:39,  4.92it/s]
Details:  54%|█████▍    | 231/424 [00:53<00:38,  5.06it/s]
Details:  55%|█████▍    | 232/424 [00:54<00:36,  5.24it/s]
Details:  55%|█████▍    | 233/424 [00:54<00:39,  4.82it/s]
Details:  55%|█████▌    | 234/424 [00:54<00:37,  5.09it/s]
Details:  55%|█████▌    | 235/424 [00:54<00:38,  4.96it/s]
Details:  56%|█████▌    | 236/424 [00:54<00:37,  5.01it/s]
Details:  56%|█████▌    | 237/424 [00:55<00:37,  5.00it/s]
Details:  56%|█████▌    | 238/424 [00:55<00:46,  4.03it/s]
Details:  56%|█████▋    | 239/424 [00:55<00:40,  4.55it/s]
Details:  57%|█████▋    | 240/424 [00:55<00:38,  4.73it/s]
Details:  57%|█████▋    | 241/424 [00:55<00:36,  5.03it/s]
Details:  57%|█████▋    | 242/424 [00:56<00:43,  4.21it/s]
Details:  57%|█████▋    | 243/424 [00:56<00:43,  4.12it/s]
Details:  58%|█████▊    | 244/424 [00:56<00:42,  4.26it/s]
Details:  58%|█████▊    | 245/424 [00:57<00:41,  4.34it/s]
Details:  58%|█████▊    | 246/424 [00:57<00:38,  4.66it/s]
Details:  58%|█████▊    | 247/424 [00:57<00:36,  4.92it/s]
Details:  58%|█████▊    | 248/424 [00:57<00:38,  4.60it/s]
Details:  59%|█████▊    | 249/424 [00:57<00:40,  4.30it/s]
Details:  59%|█████▉    | 250/424 [00:58<00:46,  3.75it/s]
Details:  59%|█████▉    | 251/424 [00:58<00:46,  3.69it/s]
Details:  59%|█████▉    | 252/424 [00:58<00:41,  4.12it/s]
Details:  60%|█████▉    | 253/424 [00:59<01:02,  2.74it/s]
Details:  60%|█████▉    | 254/424 [00:59<00:56,  2.99it/s]
Details:  60%|██████    | 255/424 [01:00<01:14,  2.27it/s]
Details:  60%|██████    | 256/424 [01:01<01:29,  1.89it/s]
Details:  61%|██████    | 257/424 [01:01<01:10,  2.37it/s]
Details:  61%|██████    | 258/424 [01:01<00:57,  2.89it/s]
Details:  61%|██████    | 259/424 [01:02<01:24,  1.94it/s]
Details:  61%|██████▏   | 260/424 [01:02<01:17,  2.11it/s]
Details:  62%|██████▏   | 261/424 [01:02<01:07,  2.42it/s]
Details:  62%|██████▏   | 262/424 [01:03<01:19,  2.03it/s]
Details:  62%|██████▏   | 263/424 [01:04<01:29,  1.79it/s]
Details:  62%|██████▏   | 264/424 [01:04<01:19,  2.00it/s]
Details:  62%|██████▎   | 265/424 [01:05<01:21,  1.95it/s]
Details:  63%|██████▎   | 266/424 [01:05<01:05,  2.40it/s]
Details:  63%|██████▎   | 267/424 [01:05<00:54,  2.86it/s]
Details:  63%|██████▎   | 268/424 [01:06<01:06,  2.35it/s]
Details:  63%|██████▎   | 269/424 [01:06<01:07,  2.31it/s]
Details:  64%|██████▎   | 270/424 [01:06<00:56,  2.75it/s]
Details:  64%|██████▍   | 271/424 [01:07<00:47,  3.19it/s]
Details:  64%|██████▍   | 272/424 [01:07<00:42,  3.61it/s]
Details:  64%|██████▍   | 273/424 [01:07<00:48,  3.10it/s]
Details:  65%|██████▍   | 274/424 [01:08<01:12,  2.07it/s]
Details:  65%|██████▍   | 275/424 [01:08<01:07,  2.19it/s]
Details:  65%|██████▌   | 276/424 [01:09<00:55,  2.66it/s]
Details:  65%|██████▌   | 277/424 [01:09<00:46,  3.15it/s]
Details:  66%|██████▌   | 278/424 [01:09<00:42,  3.42it/s]
Details:  66%|██████▌   | 279/424 [01:09<00:38,  3.79it/s]
Details:  66%|██████▌   | 280/424 [01:10<00:45,  3.16it/s]
Details:  66%|██████▋   | 281/424 [01:10<00:41,  3.43it/s]
Details:  67%|██████▋   | 282/424 [01:10<00:38,  3.66it/s]
Details:  67%|██████▋   | 283/424 [01:10<00:34,  4.08it/s]
Details:  67%|██████▋   | 284/424 [01:10<00:31,  4.49it/s]
Details:  67%|██████▋   | 285/424 [01:11<00:29,  4.65it/s]
Details:  67%|██████▋   | 286/424 [01:11<00:31,  4.45it/s]
Details:  68%|██████▊   | 287/424 [01:11<00:31,  4.32it/s]
Details:  68%|██████▊   | 288/424 [01:11<00:29,  4.62it/s]
Details:  68%|██████▊   | 289/424 [01:12<00:32,  4.17it/s]
Details:  68%|██████▊   | 290/424 [01:12<00:30,  4.33it/s]
Details:  69%|██████▊   | 291/424 [01:12<00:29,  4.47it/s]
Details:  69%|██████▉   | 292/424 [01:12<00:28,  4.67it/s]
Details:  69%|██████▉   | 293/424 [01:12<00:27,  4.82it/s]
Details:  69%|██████▉   | 294/424 [01:13<00:35,  3.71it/s]
Details:  70%|██████▉   | 295/424 [01:13<00:33,  3.88it/s]
Details:  70%|██████▉   | 296/424 [01:13<00:30,  4.19it/s]
Details:  70%|███████   | 297/424 [01:14<00:49,  2.58it/s]
Details:  70%|███████   | 298/424 [01:14<00:42,  2.94it/s]
Details:  71%|███████   | 299/424 [01:14<00:37,  3.34it/s]
Details:  71%|███████   | 300/424 [01:15<00:32,  3.78it/s]
Details:  71%|███████   | 301/424 [01:15<00:46,  2.62it/s]
Details:  71%|███████   | 302/424 [01:16<00:40,  3.00it/s]
Details:  71%|███████▏  | 303/424 [01:16<00:35,  3.42it/s]
Details:  72%|███████▏  | 304/424 [01:16<00:31,  3.81it/s]
Details:  72%|███████▏  | 305/424 [01:16<00:33,  3.55it/s]
Details:  72%|███████▏  | 306/424 [01:17<00:46,  2.53it/s]
Details:  72%|███████▏  | 307/424 [01:17<00:41,  2.84it/s]
Details:  73%|███████▎  | 308/424 [01:17<00:33,  3.42it/s]
Details:  73%|███████▎  | 309/424 [01:18<00:31,  3.70it/s]
Details:  73%|███████▎  | 310/424 [01:18<00:32,  3.51it/s]
Details:  73%|███████▎  | 311/424 [01:18<00:40,  2.80it/s]
Details:  74%|███████▎  | 312/424 [01:19<00:38,  2.94it/s]
Details:  74%|███████▍  | 313/424 [01:19<00:36,  3.02it/s]
Details:  74%|███████▍  | 314/424 [01:19<00:36,  3.05it/s]
Details:  74%|███████▍  | 315/424 [01:20<00:43,  2.52it/s]
Details:  75%|███████▍  | 316/424 [01:20<00:37,  2.91it/s]
Details:  75%|███████▍  | 317/424 [01:20<00:33,  3.22it/s]
Details:  75%|███████▌  | 318/424 [01:21<00:32,  3.24it/s]
Details:  75%|███████▌  | 319/424 [01:21<00:32,  3.21it/s]
Details:  75%|███████▌  | 320/424 [01:21<00:29,  3.53it/s]
Details:  76%|███████▌  | 321/424 [01:21<00:26,  3.95it/s]
Details:  76%|███████▌  | 322/424 [01:22<00:30,  3.39it/s]
Details:  76%|███████▌  | 323/424 [01:22<00:26,  3.80it/s]
Details:  76%|███████▋  | 324/424 [01:22<00:24,  4.08it/s]
Details:  77%|███████▋  | 325/424 [01:22<00:24,  4.06it/s]
Details:  77%|███████▋  | 326/424 [01:23<00:26,  3.65it/s]
Details:  77%|███████▋  | 327/424 [01:23<00:24,  3.97it/s]
Details:  77%|███████▋  | 328/424 [01:23<00:22,  4.32it/s]
Details:  78%|███████▊  | 329/424 [01:23<00:20,  4.54it/s]
Details:  78%|███████▊  | 330/424 [01:24<00:24,  3.91it/s]
Details:  78%|███████▊  | 331/424 [01:24<00:21,  4.30it/s]
Details:  78%|███████▊  | 332/424 [01:24<00:19,  4.75it/s]
Details:  79%|███████▊  | 333/424 [01:24<00:17,  5.13it/s]
Details:  79%|███████▉  | 334/424 [01:24<00:17,  5.23it/s]
Details:  79%|███████▉  | 335/424 [01:24<00:16,  5.41it/s]
Details:  79%|███████▉  | 336/424 [01:25<00:17,  5.04it/s]
Details:  79%|███████▉  | 337/424 [01:25<00:17,  5.02it/s]
Details:  80%|███████▉  | 338/424 [01:25<00:17,  5.00it/s]
Details:  80%|███████▉  | 339/424 [01:25<00:16,  5.19it/s]
Details:  80%|████████  | 340/424 [01:25<00:16,  5.24it/s]
Details:  80%|████████  | 341/424 [01:26<00:16,  5.10it/s]
Details:  81%|████████  | 342/424 [01:26<00:16,  5.10it/s]
Details:  81%|████████  | 343/424 [01:26<00:15,  5.17it/s]
Details:  81%|████████  | 344/424 [01:26<00:15,  5.05it/s]
Details:  81%|████████▏ | 345/424 [01:26<00:15,  5.16it/s]
Details:  82%|████████▏ | 346/424 [01:27<00:15,  5.07it/s]
Details:  82%|████████▏ | 347/424 [01:27<00:15,  5.13it/s]
Details:  82%|████████▏ | 348/424 [01:27<00:15,  4.84it/s]
Details:  82%|████████▏ | 349/424 [01:27<00:14,  5.06it/s]
Details:  83%|████████▎ | 350/424 [01:27<00:14,  5.23it/s]
Details:  83%|████████▎ | 351/424 [01:28<00:13,  5.41it/s]
Details:  83%|████████▎ | 352/424 [01:28<00:13,  5.52it/s]
Details:  83%|████████▎ | 353/424 [01:28<00:12,  5.62it/s]
Details:  83%|████████▎ | 354/424 [01:28<00:12,  5.61it/s]
Details:  84%|████████▎ | 355/424 [01:28<00:12,  5.61it/s]
Details:  84%|████████▍ | 356/424 [01:28<00:12,  5.53it/s]
Details:  84%|████████▍ | 357/424 [01:29<00:20,  3.21it/s]
Details:  84%|████████▍ | 358/424 [01:29<00:18,  3.61it/s]
Details:  85%|████████▍ | 359/424 [01:29<00:15,  4.13it/s]
Details:  85%|████████▍ | 360/424 [01:30<00:15,  4.18it/s]
Details:  85%|████████▌ | 361/424 [01:30<00:14,  4.41it/s]
Details:  85%|████████▌ | 362/424 [01:30<00:13,  4.56it/s]
Details:  86%|████████▌ | 363/424 [01:30<00:12,  4.76it/s]
Details:  86%|████████▌ | 364/424 [01:30<00:12,  4.77it/s]
Details:  86%|████████▌ | 365/424 [01:31<00:11,  4.95it/s]
Details:  86%|████████▋ | 366/424 [01:31<00:12,  4.46it/s]
Details:  87%|████████▋ | 367/424 [01:31<00:12,  4.65it/s]
Details:  87%|████████▋ | 368/424 [01:31<00:11,  4.82it/s]
Details:  87%|████████▋ | 369/424 [01:32<00:10,  5.05it/s]
Details:  87%|████████▋ | 370/424 [01:32<00:10,  4.96it/s]
Details:  88%|████████▊ | 371/424 [01:32<00:10,  5.16it/s]
Details:  88%|████████▊ | 372/424 [01:32<00:09,  5.51it/s]
Details:  88%|████████▊ | 373/424 [01:32<00:09,  5.61it/s]
Details:  88%|████████▊ | 374/424 [01:32<00:08,  5.87it/s]
Details:  88%|████████▊ | 375/424 [01:33<00:08,  5.99it/s]
Details:  89%|████████▊ | 376/424 [01:33<00:08,  5.73it/s]
Details:  89%|████████▉ | 377/424 [01:33<00:09,  5.18it/s]
Details:  89%|████████▉ | 378/424 [01:33<00:08,  5.34it/s]
Details:  89%|████████▉ | 379/424 [01:33<00:08,  5.49it/s]
Details:  90%|████████▉ | 380/424 [01:33<00:07,  5.60it/s]
Details:  90%|████████▉ | 381/424 [01:34<00:07,  5.75it/s]
Details:  90%|█████████ | 382/424 [01:34<00:07,  5.76it/s]
Details:  90%|█████████ | 383/424 [01:34<00:06,  5.88it/s]
Details:  91%|█████████ | 384/424 [01:34<00:06,  5.81it/s]
Details:  91%|█████████ | 385/424 [01:34<00:06,  5.82it/s]
Details:  91%|█████████ | 386/424 [01:34<00:06,  6.04it/s]
Details:  91%|█████████▏| 387/424 [01:35<00:06,  6.00it/s]
Details:  92%|█████████▏| 388/424 [01:35<00:05,  6.25it/s]
Details:  92%|█████████▏| 389/424 [01:35<00:05,  6.23it/s]
Details:  92%|█████████▏| 390/424 [01:35<00:05,  6.15it/s]
Details:  92%|█████████▏| 391/424 [01:35<00:05,  6.04it/s]
Details:  92%|█████████▏| 392/424 [01:35<00:05,  5.94it/s]
Details:  93%|█████████▎| 393/424 [01:36<00:05,  5.87it/s]
Details:  93%|█████████▎| 394/424 [01:36<00:05,  5.80it/s]
Details:  93%|█████████▎| 395/424 [01:36<00:04,  5.94it/s]
Details:  93%|█████████▎| 396/424 [01:36<00:04,  5.92it/s]
Details:  94%|█████████▎| 397/424 [01:36<00:04,  6.20it/s]
Details:  94%|█████████▍| 398/424 [01:36<00:04,  6.24it/s]
Details:  94%|█████████▍| 399/424 [01:37<00:04,  6.24it/s]
Details:  94%|█████████▍| 400/424 [01:37<00:03,  6.37it/s]
Details:  95%|█████████▍| 401/424 [01:37<00:03,  6.12it/s]
Details:  95%|█████████▍| 402/424 [01:37<00:03,  5.99it/s]
Details:  95%|█████████▌| 403/424 [01:37<00:03,  6.01it/s]
Details:  95%|█████████▌| 404/424 [01:37<00:03,  5.99it/s]
Details:  96%|█████████▌| 405/424 [01:38<00:03,  6.12it/s]
Details:  96%|█████████▌| 406/424 [01:38<00:02,  6.23it/s]
Details:  96%|█████████▌| 407/424 [01:38<00:02,  6.13it/s]
Details:  96%|█████████▌| 408/424 [01:38<00:02,  5.93it/s]
Details:  96%|█████████▋| 409/424 [01:38<00:02,  5.87it/s]
Details:  97%|█████████▋| 410/424 [01:38<00:02,  5.74it/s]
Details:  97%|█████████▋| 411/424 [01:39<00:02,  5.99it/s]
Details:  97%|█████████▋| 412/424 [01:39<00:02,  5.99it/s]
Details:  97%|█████████▋| 413/424 [01:39<00:01,  5.87it/s]
Details:  98%|█████████▊| 414/424 [01:39<00:01,  5.73it/s]
Details:  98%|█████████▊| 415/424 [01:39<00:01,  5.65it/s]
Details:  98%|█████████▊| 416/424 [01:40<00:01,  5.03it/s]
Details:  98%|█████████▊| 417/424 [01:40<00:01,  5.44it/s]
Details:  99%|█████████▊| 418/424 [01:40<00:01,  5.85it/s]
Details:  99%|█████████▉| 419/424 [01:40<00:00,  5.87it/s]
Details:  99%|█████████▉| 420/424 [01:40<00:00,  5.76it/s]
Details:  99%|█████████▉| 421/424 [01:40<00:00,  5.67it/s]
Details: 100%|█████████▉| 422/424 [01:41<00:00,  5.66it/s]
Details: 100%|█████████▉| 423/424 [01:41<00:00,  5.63it/s]
Details: 100%|██████████| 424/424 [01:41<00:00,  5.59it/s]
Details: 100%|██████████| 424/424 [01:41<00:00,  4.18it/s]

Tiles:   0%|          | 0/424 [00:00<?, ?it/s]
Tiles:   4%|▎         | 15/424 [00:00<00:02, 146.28it/s]
Tiles:   7%|▋         | 30/424 [00:00<00:02, 146.51it/s]
Tiles:  11%|█         | 45/424 [00:00<00:02, 146.66it/s]
Tiles:  14%|█▍        | 60/424 [00:00<00:02, 147.78it/s]
Tiles:  18%|█▊        | 75/424 [00:00<00:02, 148.42it/s]
Tiles:  22%|██▏       | 92/424 [00:00<00:02, 152.74it/s]
Tiles:  25%|██▌       | 108/424 [00:00<00:02, 152.36it/s]
Tiles:  29%|██▉       | 124/424 [00:00<00:02, 148.38it/s]
Tiles:  33%|███▎      | 139/424 [00:00<00:01, 147.24it/s]
Tiles:  36%|███▋      | 154/424 [00:01<00:01, 144.21it/s]
Tiles:  40%|███▉      | 169/424 [00:01<00:01, 135.43it/s]
Tiles:  43%|████▎     | 184/424 [00:01<00:01, 136.76it/s]
Tiles:  47%|████▋     | 200/424 [00:01<00:01, 142.42it/s]
Tiles:  51%|█████     | 217/424 [00:01<00:01, 149.95it/s]
Tiles:  55%|█████▌    | 234/424 [00:01<00:01, 154.02it/s]
Tiles:  59%|█████▉    | 250/424 [00:01<00:01, 151.65it/s]
Tiles:  63%|██████▎   | 266/424 [00:01<00:01, 150.53it/s]
Tiles:  67%|██████▋   | 282/424 [00:01<00:00, 148.79it/s]
Tiles:  70%|███████   | 297/424 [00:02<00:00, 141.10it/s]
Tiles:  74%|███████▍  | 313/424 [00:02<00:00, 143.96it/s]
Tiles:  78%|███████▊  | 329/424 [00:02<00:00, 148.46it/s]
Tiles:  82%|████████▏ | 346/424 [00:02<00:00, 152.85it/s]
Tiles:  85%|████████▌ | 362/424 [00:02<00:00, 150.29it/s]
Tiles:  89%|████████▉ | 379/424 [00:02<00:00, 154.03it/s]
Tiles:  93%|█████████▎| 395/424 [00:02<00:00, 151.23it/s]
Tiles:  97%|█████████▋| 413/424 [00:02<00:00, 157.78it/s]
Tiles: 100%|██████████| 424/424 [00:02<00:00, 149.56it/s]

Details:   0%|          | 0/424 [00:00<?, ?it/s]
Details:   0%|          | 1/424 [00:00<01:10,  6.02it/s]
Details:   0%|          | 2/424 [00:00<01:12,  5.78it/s]
Details:   1%|          | 3/424 [00:00<01:06,  6.34it/s]
Details:   1%|          | 4/424 [00:00<01:05,  6.44it/s]
Details:   1%|          | 5/424 [00:00<01:03,  6.64it/s]
Details:   1%|▏         | 6/424 [00:00<01:06,  6.26it/s]
Details:   2%|▏         | 7/424 [00:01<01:08,  6.06it/s]
Details:   2%|▏         | 8/424 [00:01<01:14,  5.60it/s]
Details:   2%|▏         | 9/424 [00:01<01:13,  5.68it/s]
Details:   2%|▏         | 10/424 [00:01<01:12,  5.73it/s]
Details:   3%|▎         | 11/424 [00:01<01:12,  5.67it/s]
Details:   3%|▎         | 12/424 [00:02<01:11,  5.79it/s]
Details:   3%|▎         | 13/424 [00:02<01:34,  4.34it/s]
Details:   3%|▎         | 14/424 [00:02<01:24,  4.84it/s]
Details:   4%|▎         | 15/424 [00:02<01:23,  4.87it/s]
Details:   4%|▍         | 16/424 [00:02<01:23,  4.86it/s]
Details:   4%|▍         | 17/424 [00:03<01:31,  4.44it/s]
Details:   4%|▍         | 18/424 [00:03<01:27,  4.65it/s]
Details:   4%|▍         | 19/424 [00:03<01:33,  4.32it/s]
Details:   5%|▍         | 20/424 [00:03<01:30,  4.49it/s]
Details:   5%|▍         | 21/424 [00:04<01:25,  4.70it/s]
Details:   5%|▌         | 22/424 [00:04<01:23,  4.81it/s]
Details:   5%|▌         | 23/424 [00:04<01:22,  4.86it/s]
Details:   6%|▌         | 24/424 [00:04<01:28,  4.50it/s]
Details:   6%|▌         | 25/424 [00:04<01:23,  4.79it/s]
Details:   6%|▌         | 26/424 [00:05<01:22,  4.81it/s]
Details:   6%|▋         | 27/424 [00:05<01:20,  4.93it/s]
Details:   7%|▋         | 28/424 [00:05<01:21,  4.88it/s]
Details:   7%|▋         | 29/424 [00:05<01:18,  5.02it/s]
Details:   7%|▋         | 30/424 [00:05<01:18,  5.01it/s]
Details:   7%|▋         | 31/424 [00:06<01:15,  5.17it/s]
Details:   8%|▊         | 32/424 [00:06<01:19,  4.96it/s]
Details:   8%|▊         | 33/424 [00:06<01:23,  4.70it/s]
Details:   8%|▊         | 34/424 [00:06<01:19,  4.88it/s]
Details:   8%|▊         | 35/424 [00:06<01:20,  4.82it/s]
Details:   8%|▊         | 36/424 [00:07<01:19,  4.88it/s]
Details:   9%|▊         | 37/424 [00:07<01:25,  4.51it/s]
Details:   9%|▉         | 38/424 [00:07<01:25,  4.53it/s]
Details:   9%|▉         | 39/424 [00:07<01:35,  4.04it/s]
Details:   9%|▉         | 40/424 [00:08<01:27,  4.41it/s]
Details:  10%|▉         | 41/424 [00:08<01:26,  4.45it/s]
Details:  10%|▉         | 42/424 [00:08<01:27,  4.38it/s]
Details:  10%|█         | 43/424 [00:08<01:21,  4.70it/s]
Details:  10%|█         | 44/424 [00:08<01:17,  4.89it/s]
Details:  11%|█         | 45/424 [00:09<01:16,  4.94it/s]
Details:  11%|█         | 46/424 [00:09<01:17,  4.87it/s]
Details:  11%|█         | 47/424 [00:09<01:15,  4.99it/s]
Details:  11%|█▏        | 48/424 [00:09<01:19,  4.75it/s]
Details:  12%|█▏        | 49/424 [00:09<01:15,  4.96it/s]
Details:  12%|█▏        | 50/424 [00:10<01:13,  5.07it/s]
Details:  12%|█▏        | 51/424 [00:10<01:33,  4.00it/s]
Details:  12%|█▏        | 52/424 [00:10<01:22,  4.50it/s]
Details:  12%|█▎        | 53/424 [00:10<01:16,  4.84it/s]
Details:  13%|█▎        | 54/424 [00:10<01:10,  5.23it/s]
Details:  13%|█▎        | 55/424 [00:11<01:17,  4.76it/s]
Details:  13%|█▎        | 56/424 [00:11<01:14,  4.97it/s]
Details:  13%|█▎        | 57/424 [00:11<01:11,  5.13it/s]
Details:  14%|█▎        | 58/424 [00:11<01:28,  4.15it/s]
Details:  14%|█▍        | 59/424 [00:12<01:22,  4.40it/s]
Details:  14%|█▍        | 60/424 [00:12<01:19,  4.56it/s]
Details:  14%|█▍        | 61/424 [00:12<01:14,  4.87it/s]
Details:  15%|█▍        | 62/424 [00:12<01:11,  5.08it/s]
Details:  15%|█▍        | 63/424 [00:13<01:30,  3.98it/s]
Details:  15%|█▌        | 64/424 [00:13<01:22,  4.36it/s]
Details:  15%|█▌        | 65/424 [00:13<01:15,  4.76it/s]
Details:  16%|█▌        | 66/424 [00:13<01:13,  4.88it/s]
Details:  16%|█▌        | 67/424 [00:13<01:07,  5.30it/s]
Details:  16%|█▌        | 68/424 [00:14<01:14,  4.81it/s]
Details:  16%|█▋        | 69/424 [00:14<01:39,  3.56it/s]
Details:  17%|█▋        | 70/424 [00:14<01:33,  3.80it/s]
Details:  17%|█▋        | 71/424 [00:14<01:25,  4.11it/s]
Details:  17%|█▋        | 72/424 [00:15<01:21,  4.33it/s]
Details:  17%|█▋        | 73/424 [00:15<02:01,  2.89it/s]
Details:  17%|█▋        | 74/424 [00:15<01:45,  3.31it/s]
Details:  18%|█▊        | 75/424 [00:16<01:32,  3.77it/s]
Details:  18%|█▊        | 76/424 [00:16<01:21,  4.25it/s]
Details:  18%|█▊        | 77/424 [00:16<01:15,  4.59it/s]
Details:  18%|█▊        | 78/424 [00:16<01:14,  4.65it/s]
Details:  19%|█▊        | 79/424 [00:16<01:11,  4.83it/s]
Details:  19%|█▉        | 80/424 [00:17<01:10,  4.87it/s]
Details:  19%|█▉        | 81/424 [00:17<01:08,  5.02it/s]
Details:  19%|█▉        | 82/424 [00:17<01:18,  4.35it/s]
Details:  20%|█▉        | 83/424 [00:17<01:13,  4.65it/s]
Details:  20%|█▉        | 84/424 [00:17<01:16,  4.42it/s]
Details:  20%|██        | 85/424 [00:18<01:11,  4.73it/s]
Details:  20%|██        | 86/424 [00:18<01:42,  3.31it/s]
Details:  21%|██        | 87/424 [00:19<02:06,  2.66it/s]
Details:  21%|██        | 88/424 [00:19<01:48,  3.11it/s]
Details:  21%|██        | 89/424 [00:20<02:21,  2.37it/s]
Details:  21%|██        | 90/424 [00:20<01:57,  2.83it/s]
Details:  21%|██▏       | 91/424 [00:20<01:43,  3.21it/s]
Details:  22%|██▏       | 92/424 [00:20<01:28,  3.73it/s]
Details:  22%|██▏       | 93/424 [00:20<01:24,  3.90it/s]
Details:  22%|██▏       | 94/424 [00:21<01:39,  3.33it/s]
Details:  22%|██▏       | 95/424 [00:21<01:28,  3.70it/s]
Details:  23%|██▎       | 96/424 [00:21<01:21,  4.00it/s]
Details:  23%|██▎       | 97/424 [00:21<01:14,  4.40it/s]
Details:  23%|██▎       | 98/424 [00:22<01:24,  3.88it/s]
Details:  23%|██▎       | 99/424 [00:22<02:05,  2.59it/s]
Details:  24%|██▎       | 100/424 [00:23<01:55,  2.81it/s]
Details:  24%|██▍       | 101/424 [00:23<01:40,  3.23it/s]
Details:  24%|██▍       | 102/424 [00:23<01:30,  3.56it/s]
Details:  24%|██▍       | 103/424 [00:24<01:50,  2.91it/s]
Details:  25%|██▍       | 104/424 [00:24<02:11,  2.43it/s]
Details:  25%|██▍       | 105/424 [00:24<01:55,  2.76it/s]
Details:  25%|██▌       | 106/424 [00:25<01:54,  2.77it/s]
Details:  25%|██▌       | 107/424 [00:25<02:21,  2.25it/s]
Details:  25%|██▌       | 108/424 [00:26<01:55,  2.73it/s]
Details:  26%|██▌       | 109/424 [00:26<01:39,  3.16it/s]
Details:  26%|██▌       | 110/424 [00:26<01:27,  3.58it/s]
Details:  26%|██▌       | 111/424 [00:26<01:47,  2.91it/s]
Details:  26%|██▋       | 112/424 [00:27<01:31,  3.40it/s]
Details:  27%|██▋       | 113/424 [00:27<01:25,  3.64it/s]
Details:  27%|██▋       | 114/424 [00:27<01:17,  3.98it/s]
Details:  27%|██▋       | 115/424 [00:27<01:13,  4.18it/s]
Details:  27%|██▋       | 116/424 [00:27<01:06,  4.65it/s]
Details:  28%|██▊       | 117/424 [00:28<01:06,  4.62it/s]
Details:  28%|██▊       | 118/424 [00:28<01:27,  3.49it/s]
Details:  28%|██▊       | 119/424 [00:28<01:19,  3.84it/s]
Details:  28%|██▊       | 120/424 [00:28<01:11,  4.26it/s]
Details:  29%|██▊       | 121/424 [00:29<01:04,  4.67it/s]
Details:  29%|██▉       | 122/424 [00:29<01:06,  4.52it/s]
Details:  29%|██▉       | 123/424 [00:29<01:06,  4.51it/s]
Details:  29%|██▉       | 124/424 [00:29<01:25,  3.51it/s]
Details:  29%|██▉       | 125/424 [00:30<01:16,  3.91it/s]
Details:  30%|██▉       | 126/424 [00:30<01:10,  4.20it/s]
Details:  30%|██▉       | 127/424 [00:30<01:07,  4.42it/s]
Details:  30%|███       | 128/424 [00:30<01:07,  4.37it/s]
Details:  30%|███       | 129/424 [00:31<01:11,  4.10it/s]
Details:  31%|███       | 130/424 [00:31<01:10,  4.19it/s]
Details:  31%|███       | 131/424 [00:31<01:05,  4.48it/s]
Details:  31%|███       | 132/424 [00:31<01:08,  4.26it/s]
Details:  31%|███▏      | 133/424 [00:31<01:09,  4.20it/s]
Details:  32%|███▏      | 134/424 [00:32<01:18,  3.71it/s]
Details:  32%|███▏      | 135/424 [00:32<01:10,  4.12it/s]
Details:  32%|███▏      | 136/424 [00:32<01:05,  4.40it/s]
Details:  32%|███▏      | 137/424 [00:32<01:00,  4.76it/s]
Details:  33%|███▎      | 138/424 [00:33<00:58,  4.90it/s]
Details:  33%|███▎      | 139/424 [00:33<00:56,  5.06it/s]
Details:  33%|███▎      | 140/424 [00:33<00:53,  5.36it/s]
Details:  33%|███▎      | 141/424 [00:34<01:34,  2.99it/s]
Details:  33%|███▎      | 142/424 [00:34<01:23,  3.39it/s]
Details:  34%|███▎      | 143/424 [00:34<01:12,  3.88it/s]
Details:  34%|███▍      | 144/424 [00:34<01:30,  3.10it/s]
Details:  34%|███▍      | 145/424 [00:35<01:49,  2.55it/s]
Details:  34%|███▍      | 146/424 [00:35<01:32,  3.01it/s]
Details:  35%|███▍      | 147/424 [00:36<01:31,  3.03it/s]
Details:  35%|███▍      | 148/424 [00:36<01:26,  3.18it/s]
Details:  35%|███▌      | 149/424 [00:36<01:54,  2.41it/s]
Details:  35%|███▌      | 150/424 [00:37<01:34,  2.90it/s]
Details:  36%|███▌      | 151/424 [00:37<01:40,  2.71it/s]
Details:  36%|███▌      | 152/424 [00:38<02:02,  2.22it/s]
Details:  36%|███▌      | 153/424 [00:38<01:39,  2.73it/s]
Details:  36%|███▋      | 154/424 [00:38<01:26,  3.13it/s]
Details:  37%|███▋      | 155/424 [00:38<01:21,  3.30it/s]
Details:  37%|███▋      | 156/424 [00:39<01:11,  3.76it/s]
Details:  37%|███▋      | 157/424 [00:39<01:14,  3.61it/s]
Details:  37%|███▋      | 158/424 [00:39<01:28,  3.00it/s]
Details:  38%|███▊      | 159/424 [00:40<01:22,  3.22it/s]
Details:  38%|███▊      | 160/424 [00:40<01:21,  3.25it/s]
Details:  38%|███▊      | 161/424 [00:40<01:41,  2.60it/s]
Details:  38%|███▊      | 162/424 [00:41<01:41,  2.58it/s]
Details:  38%|███▊      | 163/424 [00:41<01:29,  2.92it/s]
Details:  39%|███▊      | 164/424 [00:41<01:24,  3.08it/s]
Details:  39%|███▉      | 165/424 [00:42<01:51,  2.33it/s]
Details:  39%|███▉      | 166/424 [00:42<01:32,  2.77it/s]
Details:  39%|███▉      | 167/424 [00:42<01:22,  3.13it/s]
Details:  40%|███▉      | 168/424 [00:43<01:10,  3.66it/s]
Details:  40%|███▉      | 169/424 [00:43<01:04,  3.95it/s]
Details:  40%|████      | 170/424 [00:43<01:01,  4.13it/s]
Details:  40%|████      | 171/424 [00:43<00:58,  4.36it/s]
Details:  41%|████      | 172/424 [00:43<00:55,  4.57it/s]
Details:  41%|████      | 173/424 [00:44<00:52,  4.74it/s]
Details:  41%|████      | 174/424 [00:44<01:02,  4.00it/s]
Details:  41%|████▏     | 175/424 [00:44<01:04,  3.88it/s]
Details:  42%|████▏     | 176/424 [00:44<00:57,  4.31it/s]
Details:  42%|████▏     | 177/424 [00:45<00:56,  4.36it/s]
Details:  42%|████▏     | 178/424 [00:45<00:57,  4.28it/s]
Details:  42%|████▏     | 179/424 [00:45<00:52,  4.67it/s]
Details:  42%|████▏     | 180/424 [00:45<00:49,  4.88it/s]
Details:  43%|████▎     | 181/424 [00:45<00:46,  5.19it/s]
Details:  43%|████▎     | 182/424 [00:46<00:46,  5.20it/s]
Details:  43%|████▎     | 183/424 [00:46<01:03,  3.81it/s]
Details:  43%|████▎     | 184/424 [00:46<00:58,  4.10it/s]
Details:  44%|████▎     | 185/424 [00:46<00:54,  4.42it/s]
Details:  44%|████▍     | 186/424 [00:47<00:53,  4.43it/s]
Details:  44%|████▍     | 187/424 [00:47<01:30,  2.62it/s]
Details:  44%|████▍     | 188/424 [00:48<01:40,  2.36it/s]
Details:  45%|████▍     | 189/424 [00:48<01:49,  2.15it/s]
Details:  45%|████▍     | 190/424 [00:49<01:32,  2.52it/s]
Details:  45%|████▌     | 191/424 [00:49<01:17,  3.02it/s]
Details:  45%|████▌     | 192/424 [00:49<01:07,  3.42it/s]
Details:  46%|████▌     | 193/424 [00:49<00:59,  3.88it/s]
Details:  46%|████▌     | 194/424 [00:50<01:12,  3.17it/s]
Details:  46%|████▌     | 195/424 [00:50<01:07,  3.38it/s]
Details:  46%|████▌     | 196/424 [00:50<01:24,  2.71it/s]
Details:  46%|████▋     | 197/424 [00:51<01:11,  3.16it/s]
Details:  47%|████▋     | 198/424 [00:51<01:10,  3.22it/s]
Details:  47%|████▋     | 199/424 [00:52<01:30,  2.50it/s]
Details:  47%|████▋     | 200/424 [00:52<01:24,  2.65it/s]
Details:  47%|████▋     | 201/424 [00:52<01:12,  3.09it/s]
Details:  48%|████▊     | 202/424 [00:53<01:19,  2.78it/s]
Details:  48%|████▊     | 203/424 [00:53<01:32,  2.40it/s]
Details:  48%|████▊     | 204/424 [00:53<01:18,  2.82it/s]
Details:  48%|████▊     | 205/424 [00:54<01:09,  3.17it/s]
Details:  49%|████▊     | 206/424 [00:54<01:35,  2.29it/s]
Details:  49%|████▉     | 207/424 [00:54<01:21,  2.67it/s]
Details:  49%|████▉     | 208/424 [00:55<01:08,  3.13it/s]
Details:  49%|████▉     | 209/424 [00:55<01:27,  2.47it/s]
Details:  50%|████▉     | 210/424 [00:56<01:21,  2.62it/s]
Details:  50%|████▉     | 211/424 [00:56<01:07,  3.17it/s]
Details:  50%|█████     | 212/424 [00:56<00:59,  3.55it/s]
Details:  50%|█████     | 213/424 [00:56<00:52,  4.01it/s]
Details:  50%|█████     | 214/424 [00:57<01:21,  2.59it/s]
Details:  51%|█████     | 215/424 [00:57<01:31,  2.28it/s]
Details:  51%|█████     | 216/424 [00:58<01:16,  2.73it/s]
Details:  51%|█████     | 217/424 [00:58<01:05,  3.14it/s]
Details:  51%|█████▏    | 218/424 [00:58<01:23,  2.48it/s]
Details:  52%|█████▏    | 219/424 [00:59<01:09,  2.96it/s]
Details:  52%|█████▏    | 220/424 [00:59<01:02,  3.27it/s]
Details:  52%|█████▏    | 221/424 [00:59<00:56,  3.56it/s]
Details:  52%|█████▏    | 222/424 [01:00<01:17,  2.60it/s]
Details:  53%|█████▎    | 223/424 [01:00<01:08,  2.95it/s]
Details:  53%|█████▎    | 224/424 [01:00<00:59,  3.35it/s]
Details:  53%|█████▎    | 225/424 [01:00<00:54,  3.66it/s]
Details:  53%|█████▎    | 226/424 [01:01<01:13,  2.70it/s]
Details:  54%|█████▎    | 227/424 [01:01<01:02,  3.16it/s]
Details:  54%|█████▍    | 228/424 [01:01<00:55,  3.56it/s]
Details:  54%|█████▍    | 229/424 [01:01<00:49,  3.91it/s]
Details:  54%|█████▍    | 230/424 [01:02<00:53,  3.60it/s]
Details:  54%|█████▍    | 231/424 [01:02<00:50,  3.80it/s]
Details:  55%|█████▍    | 232/424 [01:02<00:46,  4.16it/s]
Details:  55%|█████▍    | 233/424 [01:02<00:47,  4.03it/s]
Details:  55%|█████▌    | 234/424 [01:03<00:42,  4.45it/s]
Details:  55%|█████▌    | 235/424 [01:03<00:40,  4.62it/s]
Details:  56%|█████▌    | 236/424 [01:03<00:39,  4.80it/s]
Details:  56%|█████▌    | 237/424 [01:03<00:44,  4.24it/s]
Details:  56%|█████▌    | 238/424 [01:04<00:45,  4.09it/s]
Details:  56%|█████▋    | 239/424 [01:04<00:41,  4.47it/s]
Details:  57%|█████▋    | 240/424 [01:04<00:40,  4.59it/s]
Details:  57%|█████▋    | 241/424 [01:04<00:39,  4.67it/s]
Details:  57%|█████▋    | 242/424 [01:04<00:39,  4.61it/s]
Details:  57%|█████▋    | 243/424 [01:05<00:39,  4.54it/s]
Details:  58%|█████▊    | 244/424 [01:05<00:37,  4.84it/s]
Details:  58%|█████▊    | 245/424 [01:05<00:42,  4.18it/s]
Details:  58%|█████▊    | 246/424 [01:05<00:42,  4.16it/s]
Details:  58%|█████▊    | 247/424 [01:06<00:39,  4.52it/s]
Details:  58%|█████▊    | 248/424 [01:06<00:37,  4.71it/s]
Details:  59%|█████▊    | 249/424 [01:06<00:41,  4.20it/s]
Details:  59%|█████▉    | 250/424 [01:06<00:49,  3.49it/s]
Details:  59%|█████▉    | 251/424 [01:07<00:44,  3.93it/s]
Details:  59%|█████▉    | 252/424 [01:07<00:39,  4.33it/s]
Details:  60%|█████▉    | 253/424 [01:07<00:38,  4.41it/s]
Details:  60%|█████▉    | 254/424 [01:07<00:46,  3.62it/s]
Details:  60%|██████    | 255/424 [01:08<00:59,  2.82it/s]
Details:  60%|██████    | 256/424 [01:08<00:54,  3.09it/s]
Details:  61%|██████    | 257/424 [01:08<00:45,  3.63it/s]
Details:  61%|██████    | 258/424 [01:09<00:48,  3.43it/s]
Details:  61%|██████    | 259/424 [01:09<01:04,  2.55it/s]
Details:  61%|██████▏   | 260/424 [01:10<01:16,  2.13it/s]
Details:  62%|██████▏   | 261/424 [01:10<01:06,  2.46it/s]
Details:  62%|██████▏   | 262/424 [01:11<01:03,  2.54it/s]
Details:  62%|██████▏   | 263/424 [01:11<00:56,  2.85it/s]
Details:  62%|██████▏   | 264/424 [01:11<00:48,  3.27it/s]
Details:  62%|██████▎   | 265/424 [01:11<00:43,  3.64it/s]
Details:  63%|██████▎   | 266/424 [01:11<00:40,  3.94it/s]
Details:  63%|██████▎   | 267/424 [01:12<00:52,  2.99it/s]
Details:  63%|██████▎   | 268/424 [01:12<00:45,  3.40it/s]
Details:  63%|██████▎   | 269/424 [01:12<00:41,  3.76it/s]
Details:  64%|██████▎   | 270/424 [01:13<00:58,  2.62it/s]
Details:  64%|██████▍   | 271/424 [01:13<01:01,  2.48it/s]
Details:  64%|██████▍   | 272/424 [01:14<01:03,  2.39it/s]
Details:  64%|██████▍   | 273/424 [01:14<01:05,  2.32it/s]
Details:  65%|██████▍   | 274/424 [01:15<00:58,  2.58it/s]
Details:  65%|██████▍   | 275/424 [01:15<00:49,  3.03it/s]
Details:  65%|██████▌   | 276/424 [01:15<00:42,  3.49it/s]
Details:  65%|██████▌   | 277/424 [01:15<00:40,  3.67it/s]
Details:  66%|██████▌   | 278/424 [01:16<00:46,  3.14it/s]
Details:  66%|██████▌   | 279/424 [01:16<00:41,  3.48it/s]
Details:  66%|██████▌   | 280/424 [01:16<00:36,  3.89it/s]
Details:  66%|██████▋   | 281/424 [01:16<00:33,  4.33it/s]
Details:  67%|██████▋   | 282/424 [01:16<00:30,  4.61it/s]
Details:  67%|██████▋   | 283/424 [01:17<00:28,  4.87it/s]
Details:  67%|██████▋   | 284/424 [01:17<00:27,  5.16it/s]
Details:  67%|██████▋   | 285/424 [01:17<00:26,  5.23it/s]
Details:  67%|██████▋   | 286/424 [01:17<00:27,  4.96it/s]
Details:  68%|██████▊   | 287/424 [01:17<00:27,  5.03it/s]
Details:  68%|██████▊   | 288/424 [01:18<00:28,  4.83it/s]
Details:  68%|██████▊   | 289/424 [01:18<00:27,  4.98it/s]
Details:  68%|██████▊   | 290/424 [01:18<00:28,  4.75it/s]
Details:  69%|██████▊   | 291/424 [01:18<00:26,  5.08it/s]
Details:  69%|██████▉   | 292/424 [01:19<00:31,  4.23it/s]
Details:  69%|██████▉   | 293/424 [01:19<00:28,  4.63it/s]
Details:  69%|██████▉   | 294/424 [01:19<00:27,  4.77it/s]
Details:  70%|██████▉   | 295/424 [01:19<00:26,  4.88it/s]
Details:  70%|██████▉   | 296/424 [01:19<00:25,  5.00it/s]
Details:  70%|███████   | 297/424 [01:20<00:25,  4.98it/s]
Details:  70%|███████   | 298/424 [01:20<00:37,  3.34it/s]
Details:  71%|███████   | 299/424 [01:20<00:32,  3.79it/s]
Details:  71%|███████   | 300/424 [01:20<00:29,  4.19it/s]
Details:  71%|███████   | 301/424 [01:21<00:35,  3.47it/s]
Details:  71%|███████   | 302/424 [01:21<00:31,  3.83it/s]
Details:  71%|███████▏  | 303/424 [01:21<00:31,  3.80it/s]
Details:  72%|███████▏  | 304/424 [01:21<00:29,  4.09it/s]
Details:  72%|███████▏  | 305/424 [01:22<00:26,  4.43it/s]
Details:  72%|███████▏  | 306/424 [01:22<00:28,  4.18it/s]
Details:  72%|███████▏  | 307/424 [01:22<00:26,  4.47it/s]
Details:  73%|███████▎  | 308/424 [01:23<00:34,  3.32it/s]
Details:  73%|███████▎  | 309/424 [01:23<00:30,  3.81it/s]
Details:  73%|███████▎  | 310/424 [01:23<00:27,  4.21it/s]
Details:  73%|███████▎  | 311/424 [01:23<00:25,  4.43it/s]
Details:  74%|███████▎  | 312/424 [01:23<00:24,  4.65it/s]
Details:  74%|███████▍  | 313/424 [01:24<00:28,  3.94it/s]
Details:  74%|███████▍  | 314/424 [01:24<00:25,  4.33it/s]
Details:  74%|███████▍  | 315/424 [01:24<00:29,  3.67it/s]
Details:  75%|███████▍  | 316/424 [01:24<00:27,  3.97it/s]
Details:  75%|███████▍  | 317/424 [01:25<00:26,  4.08it/s]
Details:  75%|███████▌  | 318/424 [01:25<00:24,  4.39it/s]
Details:  75%|███████▌  | 319/424 [01:25<00:36,  2.90it/s]
Details:  75%|███████▌  | 320/424 [01:26<00:39,  2.63it/s]
Details:  76%|███████▌  | 321/424 [01:27<00:59,  1.74it/s]
Details:  76%|███████▌  | 322/424 [01:27<00:50,  2.03it/s]
Details:  76%|███████▌  | 323/424 [01:28<00:49,  2.06it/s]
Details:  76%|███████▋  | 324/424 [01:28<00:52,  1.90it/s]
Details:  77%|███████▋  | 325/424 [01:29<00:42,  2.35it/s]
Details:  77%|███████▋  | 326/424 [01:29<00:35,  2.79it/s]
Details:  77%|███████▋  | 327/424 [01:29<00:30,  3.16it/s]
Details:  77%|███████▋  | 328/424 [01:29<00:28,  3.38it/s]
Details:  78%|███████▊  | 329/424 [01:30<00:30,  3.14it/s]
Details:  78%|███████▊  | 330/424 [01:30<00:27,  3.43it/s]
Details:  78%|███████▊  | 331/424 [01:31<00:38,  2.41it/s]
Details:  78%|███████▊  | 332/424 [01:31<00:34,  2.66it/s]
Details:  79%|███████▊  | 333/424 [01:31<00:28,  3.18it/s]
Details:  79%|███████▉  | 334/424 [01:31<00:28,  3.15it/s]
Details:  79%|███████▉  | 335/424 [01:32<00:27,  3.22it/s]
Details:  79%|███████▉  | 336/424 [01:32<00:25,  3.43it/s]
Details:  79%|███████▉  | 337/424 [01:32<00:28,  3.10it/s]
Details:  80%|███████▉  | 338/424 [01:32<00:24,  3.46it/s]
Details:  80%|███████▉  | 339/424 [01:33<00:21,  3.90it/s]
Details:  80%|████████  | 340/424 [01:33<00:20,  4.13it/s]
Details:  80%|████████  | 341/424 [01:33<00:19,  4.16it/s]
Details:  81%|████████  | 342/424 [01:33<00:18,  4.50it/s]
Details:  81%|████████  | 343/424 [01:33<00:17,  4.58it/s]
Details:  81%|████████  | 344/424 [01:34<00:16,  4.91it/s]
Details:  81%|████████▏ | 345/424 [01:34<00:16,  4.65it/s]
Details:  82%|████████▏ | 346/424 [01:34<00:16,  4.78it/s]
Details:  82%|████████▏ | 347/424 [01:34<00:16,  4.78it/s]
Details:  82%|████████▏ | 348/424 [01:34<00:15,  4.98it/s]
Details:  82%|████████▏ | 349/424 [01:35<00:14,  5.08it/s]
Details:  83%|████████▎ | 350/424 [01:35<00:15,  4.82it/s]
Details:  83%|████████▎ | 351/424 [01:35<00:14,  5.06it/s]
Details:  83%|████████▎ | 352/424 [01:35<00:13,  5.19it/s]
Details:  83%|████████▎ | 353/424 [01:36<00:19,  3.69it/s]
Details:  83%|████████▎ | 354/424 [01:36<00:27,  2.51it/s]
Details:  84%|████████▎ | 355/424 [01:37<00:26,  2.64it/s]
Details:  84%|████████▍ | 356/424 [01:37<00:21,  3.16it/s]
Details:  84%|████████▍ | 357/424 [01:37<00:18,  3.71it/s]
Details:  84%|████████▍ | 358/424 [01:37<00:16,  4.06it/s]
Details:  85%|████████▍ | 359/424 [01:37<00:15,  4.20it/s]
Details:  85%|████████▍ | 360/424 [01:38<00:14,  4.41it/s]
Details:  85%|████████▌ | 361/424 [01:38<00:14,  4.45it/s]
Details:  85%|████████▌ | 362/424 [01:38<00:14,  4.20it/s]
Details:  86%|████████▌ | 363/424 [01:39<00:24,  2.45it/s]
Details:  86%|████████▌ | 364/424 [01:39<00:22,  2.69it/s]
Details:  86%|████████▌ | 365/424 [01:39<00:19,  3.10it/s]
Details:  86%|████████▋ | 366/424 [01:40<00:17,  3.35it/s]
Details:  87%|████████▋ | 367/424 [01:40<00:15,  3.77it/s]
Details:  87%|████████▋ | 368/424 [01:40<00:13,  4.09it/s]
Details:  87%|████████▋ | 369/424 [01:40<00:14,  3.74it/s]
Details:  87%|████████▋ | 370/424 [01:41<00:14,  3.70it/s]
Details:  88%|████████▊ | 371/424 [01:41<00:19,  2.78it/s]
Details:  88%|████████▊ | 372/424 [01:42<00:21,  2.43it/s]
Details:  88%|████████▊ | 373/424 [01:42<00:23,  2.16it/s]
Details:  88%|████████▊ | 374/424 [01:43<00:19,  2.62it/s]
Details:  88%|████████▊ | 375/424 [01:43<00:18,  2.63it/s]
Details:  89%|████████▊ | 376/424 [01:43<00:18,  2.63it/s]
Details:  89%|████████▉ | 377/424 [01:43<00:15,  3.11it/s]
Details:  89%|████████▉ | 378/424 [01:44<00:13,  3.36it/s]
Details:  89%|████████▉ | 379/424 [01:44<00:17,  2.57it/s]
Details:  90%|████████▉ | 380/424 [01:45<00:17,  2.55it/s]
Details:  90%|████████▉ | 381/424 [01:45<00:14,  3.02it/s]
Details:  90%|█████████ | 382/424 [01:46<00:17,  2.43it/s]
Details:  90%|█████████ | 383/424 [01:46<00:17,  2.36it/s]
Details:  91%|█████████ | 384/424 [01:46<00:16,  2.40it/s]
Details:  91%|█████████ | 385/424 [01:47<00:13,  2.93it/s]
Details:  91%|█████████ | 386/424 [01:47<00:15,  2.51it/s]
Details:  91%|█████████▏| 387/424 [01:47<00:14,  2.63it/s]
Details:  92%|█████████▏| 388/424 [01:48<00:17,  2.10it/s]
Details:  92%|█████████▏| 389/424 [01:48<00:14,  2.46it/s]
Details:  92%|█████████▏| 390/424 [01:49<00:11,  2.92it/s]
Details:  92%|█████████▏| 391/424 [01:49<00:09,  3.33it/s]
Details:  92%|█████████▏| 392/424 [01:49<00:09,  3.40it/s]
Details:  93%|█████████▎| 393/424 [01:49<00:08,  3.71it/s]
Details:  93%|█████████▎| 394/424 [01:49<00:07,  4.09it/s]
Details:  93%|█████████▎| 395/424 [01:50<00:06,  4.39it/s]
Details:  93%|█████████▎| 396/424 [01:50<00:08,  3.47it/s]
Details:  94%|█████████▎| 397/424 [01:50<00:07,  3.80it/s]
Details:  94%|█████████▍| 398/424 [01:50<00:06,  4.19it/s]
Details:  94%|█████████▍| 399/424 [01:51<00:05,  4.50it/s]
Details:  94%|█████████▍| 400/424 [01:51<00:05,  4.74it/s]
Details:  95%|█████████▍| 401/424 [01:51<00:04,  4.92it/s]
Details:  95%|█████████▍| 402/424 [01:51<00:04,  5.14it/s]
Details:  95%|█████████▌| 403/424 [01:51<00:04,  4.96it/s]
Details:  95%|█████████▌| 404/424 [01:52<00:04,  4.13it/s]
Details:  96%|█████████▌| 405/424 [01:52<00:04,  4.40it/s]
Details:  96%|█████████▌| 406/424 [01:52<00:03,  4.67it/s]
Details:  96%|█████████▌| 407/424 [01:52<00:03,  4.85it/s]
Details:  96%|█████████▌| 408/424 [01:53<00:03,  4.28it/s]
Details:  96%|█████████▋| 409/424 [01:53<00:03,  4.57it/s]
Details:  97%|█████████▋| 410/424 [01:53<00:03,  4.43it/s]
Details:  97%|█████████▋| 411/424 [01:53<00:03,  3.78it/s]
Details:  97%|█████████▋| 412/424 [01:54<00:03,  3.80it/s]
Details:  97%|█████████▋| 413/424 [01:54<00:02,  3.94it/s]
Details:  98%|█████████▊| 414/424 [01:54<00:02,  4.33it/s]
Details:  98%|█████████▊| 415/424 [01:54<00:01,  4.59it/s]
Details:  98%|█████████▊| 416/424 [01:54<00:01,  4.62it/s]
Details:  98%|█████████▊| 417/424 [01:55<00:01,  4.85it/s]
Details:  99%|█████████▊| 418/424 [01:55<00:01,  3.28it/s]
Details:  99%|█████████▉| 419/424 [01:55<00:01,  3.18it/s]
Details:  99%|█████████▉| 420/424 [01:56<00:01,  3.60it/s]
Details:  99%|█████████▉| 421/424 [01:56<00:00,  4.03it/s]
Details: 100%|█████████▉| 422/424 [01:56<00:00,  4.35it/s]
Details: 100%|█████████▉| 423/424 [01:57<00:00,  2.66it/s]
Details: 100%|██████████| 424/424 [01:57<00:00,  2.91it/s]
Details: 100%|██████████| 424/424 [01:57<00:00,  3.61it/s]

Tiles:   0%|          | 0/424 [00:00<?, ?it/s]
Tiles:   3%|▎         | 14/424 [00:00<00:03, 131.66it/s]
Tiles:   7%|▋         | 28/424 [00:00<00:03, 131.65it/s]
Tiles:  10%|▉         | 42/424 [00:00<00:02, 130.89it/s]
Tiles:  13%|█▎        | 56/424 [00:00<00:02, 134.09it/s]
Tiles:  17%|█▋        | 70/424 [00:00<00:02, 134.05it/s]
Tiles:  20%|█▉        | 84/424 [00:00<00:02, 133.16it/s]
Tiles:  23%|██▎       | 98/424 [00:00<00:02, 130.64it/s]
Tiles:  26%|██▋       | 112/424 [00:00<00:02, 132.52it/s]
Tiles:  30%|██▉       | 126/424 [00:00<00:02, 132.78it/s]
Tiles:  33%|███▎      | 140/424 [00:01<00:02, 133.80it/s]
Tiles:  37%|███▋      | 155/424 [00:01<00:01, 135.81it/s]
Tiles:  40%|███▉      | 169/424 [00:01<00:01, 136.64it/s]
Tiles:  43%|████▎     | 183/424 [00:01<00:01, 126.68it/s]
Tiles:  46%|████▌     | 196/424 [00:01<00:01, 123.19it/s]
Tiles:  49%|████▉     | 209/424 [00:01<00:01, 123.92it/s]
Tiles:  52%|█████▏    | 222/424 [00:01<00:01, 125.01it/s]
Tiles:  56%|█████▌    | 236/424 [00:01<00:01, 126.93it/s]
Tiles:  59%|█████▉    | 250/424 [00:01<00:01, 129.03it/s]
Tiles:  62%|██████▏   | 264/424 [00:02<00:01, 130.50it/s]
Tiles:  66%|██████▌   | 278/424 [00:02<00:01, 127.75it/s]
Tiles:  69%|██████▉   | 292/424 [00:02<00:01, 129.22it/s]
Tiles:  72%|███████▏  | 306/424 [00:02<00:00, 130.58it/s]
Tiles:  75%|███████▌  | 320/424 [00:02<00:00, 130.61it/s]
Tiles:  79%|███████▉  | 334/424 [00:02<00:00, 131.36it/s]
Tiles:  82%|████████▏ | 348/424 [00:02<00:00, 131.83it/s]
Tiles:  85%|████████▌ | 362/424 [00:02<00:00, 126.57it/s]
Tiles:  88%|████████▊ | 375/424 [00:02<00:00, 122.03it/s]
Tiles:  92%|█████████▏| 389/424 [00:03<00:00, 124.83it/s]
Tiles:  95%|█████████▌| 403/424 [00:03<00:00, 127.44it/s]
Tiles:  98%|█████████▊| 417/424 [00:03<00:00, 128.97it/s]
Tiles: 100%|██████████| 424/424 [00:03<00:00, 129.54it/s]

Details:   0%|          | 0/424 [00:00<?, ?it/s]
Details:   0%|          | 1/424 [00:00<01:48,  3.90it/s]
Details:   0%|          | 2/424 [00:00<01:36,  4.39it/s]
Details:   1%|          | 3/424 [00:01<02:55,  2.40it/s]
Details:   1%|          | 4/424 [00:01<02:13,  3.15it/s]
Details:   1%|          | 5/424 [00:01<01:49,  3.83it/s]
Details:   1%|▏         | 6/424 [00:01<01:38,  4.22it/s]
Details:   2%|▏         | 7/424 [00:01<01:30,  4.59it/s]
Details:   2%|▏         | 8/424 [00:01<01:26,  4.79it/s]
Details:   2%|▏         | 9/424 [00:02<01:26,  4.81it/s]
Details:   2%|▏         | 10/424 [00:02<01:51,  3.72it/s]
Details:   3%|▎         | 11/424 [00:02<01:42,  4.04it/s]
Details:   3%|▎         | 12/424 [00:02<01:35,  4.33it/s]
Details:   3%|▎         | 13/424 [00:03<01:39,  4.13it/s]
Details:   3%|▎         | 14/424 [00:03<01:34,  4.36it/s]
Details:   4%|▎         | 15/424 [00:03<01:29,  4.56it/s]
Details:   4%|▍         | 16/424 [00:04<02:10,  3.12it/s]
Details:   4%|▍         | 17/424 [00:04<02:01,  3.34it/s]
Details:   4%|▍         | 18/424 [00:04<01:47,  3.77it/s]
Details:   4%|▍         | 19/424 [00:04<01:42,  3.95it/s]
Details:   5%|▍         | 20/424 [00:05<02:30,  2.68it/s]
Details:   5%|▍         | 21/424 [00:05<02:08,  3.14it/s]
Details:   5%|▌         | 22/424 [00:05<01:56,  3.45it/s]
Details:   5%|▌         | 23/424 [00:06<01:50,  3.63it/s]
Details:   6%|▌         | 24/424 [00:06<01:56,  3.45it/s]
Details:   6%|▌         | 25/424 [00:06<01:44,  3.81it/s]
Details:   6%|▌         | 26/424 [00:06<01:41,  3.93it/s]
Details:   6%|▋         | 27/424 [00:07<01:43,  3.83it/s]
Details:   7%|▋         | 28/424 [00:07<01:33,  4.25it/s]
Details:   7%|▋         | 29/424 [00:07<01:26,  4.59it/s]
Details:   7%|▋         | 30/424 [00:08<02:04,  3.15it/s]
Details:   7%|▋         | 31/424 [00:08<02:01,  3.24it/s]
Details:   8%|▊         | 32/424 [00:08<01:48,  3.62it/s]
Details:   8%|▊         | 33/424 [00:08<01:36,  4.07it/s]
Details:   8%|▊         | 34/424 [00:09<01:49,  3.57it/s]
Details:   8%|▊         | 35/424 [00:09<01:40,  3.86it/s]
Details:   8%|▊         | 36/424 [00:09<01:33,  4.14it/s]
Details:   9%|▊         | 37/424 [00:09<01:27,  4.41it/s]
Details:   9%|▉         | 38/424 [00:10<01:37,  3.96it/s]
Details:   9%|▉         | 39/424 [00:10<01:33,  4.11it/s]
Details:   9%|▉         | 40/424 [00:10<01:30,  4.25it/s]
Details:  10%|▉         | 41/424 [00:10<01:28,  4.35it/s]
Details:  10%|▉         | 42/424 [00:11<02:29,  2.56it/s]
Details:  10%|█         | 43/424 [00:12<02:47,  2.28it/s]
Details:  10%|█         | 44/424 [00:12<02:56,  2.15it/s]
Details:  11%|█         | 45/424 [00:12<02:29,  2.53it/s]
Details:  11%|█         | 46/424 [00:13<02:12,  2.86it/s]
Details:  11%|█         | 47/424 [00:13<02:47,  2.26it/s]
Details:  11%|█▏        | 48/424 [00:13<02:17,  2.74it/s]
Details:  12%|█▏        | 49/424 [00:14<02:18,  2.70it/s]
Details:  12%|█▏        | 50/424 [00:14<02:30,  2.48it/s]
Details:  12%|█▏        | 51/424 [00:15<02:28,  2.51it/s]
Details:  12%|█▏        | 52/424 [00:15<02:16,  2.72it/s]
Details:  12%|█▎        | 53/424 [00:15<01:59,  3.11it/s]
Details:  13%|█▎        | 54/424 [00:16<02:06,  2.92it/s]
Details:  13%|█▎        | 55/424 [00:16<01:48,  3.39it/s]
Details:  13%|█▎        | 56/424 [00:16<01:42,  3.59it/s]
Details:  13%|█▎        | 57/424 [00:16<01:31,  4.01it/s]
Details:  14%|█▎        | 58/424 [00:16<01:25,  4.30it/s]
Details:  14%|█▍        | 59/424 [00:17<01:35,  3.82it/s]
Details:  14%|█▍        | 60/424 [00:17<02:11,  2.77it/s]
Details:  14%|█▍        | 61/424 [00:18<02:04,  2.92it/s]
Details:  15%|█▍        | 62/424 [00:18<01:46,  3.41it/s]
Details:  15%|█▍        | 63/424 [00:18<01:38,  3.67it/s]
Details:  15%|█▌        | 64/424 [00:18<01:43,  3.49it/s]
Details:  15%|█▌        | 65/424 [00:19<01:45,  3.42it/s]
Details:  16%|█▌        | 66/424 [00:19<01:31,  3.93it/s]
Details:  16%|█▌        | 67/424 [00:19<01:41,  3.52it/s]
Details:  16%|█▌        | 68/424 [00:19<01:37,  3.66it/s]
Details:  16%|█▋        | 69/424 [00:20<01:31,  3.89it/s]
Details:  17%|█▋        | 70/424 [00:20<01:51,  3.18it/s]
Details:  17%|█▋        | 71/424 [00:21<02:15,  2.61it/s]
Details:  17%|█▋        | 72/424 [00:21<02:38,  2.22it/s]
Details:  17%|█▋        | 73/424 [00:22<02:34,  2.28it/s]
Details:  17%|█▋        | 74/424 [00:22<02:06,  2.77it/s]
Details:  18%|█▊        | 75/424 [00:22<01:56,  3.01it/s]
Details:  18%|█▊        | 76/424 [00:22<01:41,  3.44it/s]
Details:  18%|█▊        | 77/424 [00:22<01:32,  3.73it/s]
Details:  18%|█▊        | 78/424 [00:23<01:46,  3.24it/s]
Details:  19%|█▊        | 79/424 [00:23<01:36,  3.56it/s]
Details:  19%|█▉        | 80/424 [00:23<01:26,  3.96it/s]
Details:  19%|█▉        | 81/424 [00:23<01:20,  4.24it/s]
Details:  19%|█▉        | 82/424 [00:24<01:16,  4.49it/s]
Details:  20%|█▉        | 83/424 [00:24<01:12,  4.71it/s]
Details:  20%|█▉        | 84/424 [00:24<01:42,  3.32it/s]
Details:  20%|██        | 85/424 [00:25<01:35,  3.57it/s]
Details:  20%|██        | 86/424 [00:25<01:26,  3.92it/s]
Details:  21%|██        | 87/424 [00:25<01:19,  4.25it/s]
Details:  21%|██        | 88/424 [00:26<02:04,  2.69it/s]
Details:  21%|██        | 89/424 [00:26<01:42,  3.28it/s]
Details:  21%|██        | 90/424 [00:26<01:31,  3.65it/s]
Details:  21%|██▏       | 91/424 [00:26<01:19,  4.20it/s]
Details:  22%|██▏       | 92/424 [00:26<01:09,  4.75it/s]
Details:  22%|██▏       | 93/424 [00:27<01:32,  3.59it/s]
Details:  22%|██▏       | 94/424 [00:27<01:52,  2.94it/s]
Details:  22%|██▏       | 95/424 [00:27<01:36,  3.41it/s]
Details:  23%|██▎       | 96/424 [00:28<01:46,  3.09it/s]
Details:  23%|██▎       | 97/424 [00:28<01:36,  3.39it/s]
Details:  23%|██▎       | 98/424 [00:29<02:09,  2.51it/s]
Details:  23%|██▎       | 99/424 [00:29<01:49,  2.98it/s]
Details:  24%|██▎       | 100/424 [00:29<01:59,  2.70it/s]
Details:  24%|██▍       | 101/424 [00:30<02:12,  2.43it/s]
Details:  24%|██▍       | 102/424 [00:30<01:55,  2.78it/s]
Details:  24%|██▍       | 103/424 [00:30<01:49,  2.94it/s]
Details:  25%|██▍       | 104/424 [00:31<02:32,  2.10it/s]
Details:  25%|██▍       | 105/424 [00:31<02:10,  2.45it/s]
Details:  25%|██▌       | 106/424 [00:32<01:50,  2.87it/s]
Details:  25%|██▌       | 107/424 [00:32<01:35,  3.32it/s]
Details:  25%|██▌       | 108/424 [00:32<01:50,  2.85it/s]
Details:  26%|██▌       | 109/424 [00:32<01:37,  3.24it/s]
Details:  26%|██▌       | 110/424 [00:33<01:44,  2.99it/s]
Details:  26%|██▌       | 111/424 [00:33<01:33,  3.33it/s]
Details:  26%|██▋       | 112/424 [00:33<01:21,  3.85it/s]
Details:  27%|██▋       | 113/424 [00:33<01:14,  4.17it/s]
Details:  27%|██▋       | 114/424 [00:34<01:11,  4.36it/s]
Details:  27%|██▋       | 115/424 [00:34<01:11,  4.33it/s]
Details:  27%|██▋       | 116/424 [00:34<01:06,  4.66it/s]
Details:  28%|██▊       | 117/424 [00:34<01:00,  5.07it/s]
Details:  28%|██▊       | 118/424 [00:34<00:57,  5.32it/s]
Details:  28%|██▊       | 119/424 [00:35<00:55,  5.53it/s]
Details:  28%|██▊       | 120/424 [00:35<01:00,  5.01it/s]
Details:  29%|██▊       | 121/424 [00:35<01:11,  4.25it/s]
Details:  29%|██▉       | 122/424 [00:35<01:16,  3.92it/s]
Details:  29%|██▉       | 123/424 [00:36<02:00,  2.49it/s]
Details:  29%|██▉       | 124/424 [00:36<01:41,  2.95it/s]
Details:  29%|██▉       | 125/424 [00:37<01:30,  3.29it/s]
Details:  30%|██▉       | 126/424 [00:37<01:37,  3.06it/s]
Details:  30%|██▉       | 127/424 [00:37<01:23,  3.54it/s]
Details:  30%|███       | 128/424 [00:37<01:17,  3.84it/s]
Details:  30%|███       | 129/424 [00:38<01:11,  4.11it/s]
Details:  31%|███       | 130/424 [00:38<01:23,  3.53it/s]
Details:  31%|███       | 131/424 [00:38<01:29,  3.26it/s]
Details:  31%|███       | 132/424 [00:38<01:19,  3.68it/s]
Details:  31%|███▏      | 133/424 [00:39<01:21,  3.56it/s]
Details:  32%|███▏      | 134/424 [00:39<01:30,  3.21it/s]
Details:  32%|███▏      | 135/424 [00:39<01:25,  3.40it/s]
Details:  32%|███▏      | 136/424 [00:40<01:29,  3.23it/s]
Details:  32%|███▏      | 137/424 [00:40<01:26,  3.31it/s]
Details:  33%|███▎      | 138/424 [00:40<01:21,  3.51it/s]
Details:  33%|███▎      | 139/424 [00:40<01:13,  3.87it/s]
Details:  33%|███▎      | 140/424 [00:41<01:21,  3.47it/s]
Details:  33%|███▎      | 141/424 [00:41<01:25,  3.30it/s]
Details:  33%|███▎      | 142/424 [00:42<01:38,  2.87it/s]
Details:  34%|███▎      | 143/424 [00:42<02:01,  2.32it/s]
Details:  34%|███▍      | 144/424 [00:42<01:38,  2.83it/s]
Details:  34%|███▍      | 145/424 [00:43<01:59,  2.34it/s]
Details:  34%|███▍      | 146/424 [00:43<02:00,  2.31it/s]
Details:  35%|███▍      | 147/424 [00:44<01:56,  2.37it/s]
Details:  35%|███▍      | 148/424 [00:44<01:38,  2.79it/s]
Details:  35%|███▌      | 149/424 [00:44<01:40,  2.72it/s]
Details:  35%|███▌      | 150/424 [00:45<01:53,  2.41it/s]
Details:  36%|███▌      | 151/424 [00:45<01:34,  2.89it/s]
Details:  36%|███▌      | 152/424 [00:45<01:29,  3.03it/s]
Details:  36%|███▌      | 153/424 [00:46<01:19,  3.41it/s]
Details:  36%|███▋      | 154/424 [00:46<01:09,  3.90it/s]
Details:  37%|███▋      | 155/424 [00:46<01:26,  3.09it/s]
Details:  37%|███▋      | 156/424 [00:46<01:14,  3.60it/s]
Details:  37%|███▋      | 157/424 [00:47<01:21,  3.28it/s]
Details:  37%|███▋      | 158/424 [00:47<01:31,  2.90it/s]
Details:  38%|███▊      | 159/424 [00:47<01:19,  3.32it/s]
Details:  38%|███▊      | 160/424 [00:48<01:10,  3.72it/s]
Details:  38%|███▊      | 161/424 [00:48<01:14,  3.51it/s]
Details:  38%|███▊      | 162/424 [00:48<01:13,  3.57it/s]
Details:  38%|███▊      | 163/424 [00:49<01:49,  2.38it/s]
Details:  39%|███▊      | 164/424 [00:49<01:44,  2.48it/s]
Details:  39%|███▉      | 165/424 [00:50<01:27,  2.94it/s]
Details:  39%|███▉      | 166/424 [00:50<01:38,  2.63it/s]
Details:  39%|███▉      | 167/424 [00:50<01:42,  2.50it/s]
Details:  40%|███▉      | 168/424 [00:51<01:24,  3.03it/s]
Details:  40%|███▉      | 169/424 [00:51<01:13,  3.49it/s]
Details:  40%|████      | 170/424 [00:51<01:07,  3.79it/s]
Details:  40%|████      | 171/424 [00:52<01:29,  2.83it/s]
Details:  41%|████      | 172/424 [00:52<01:18,  3.23it/s]
Details:  41%|████      | 173/424 [00:52<01:08,  3.64it/s]
Details:  41%|████      | 174/424 [00:52<01:04,  3.87it/s]
Details:  41%|████▏     | 175/424 [00:52<00:59,  4.22it/s]
Details:  42%|████▏     | 176/424 [00:53<00:56,  4.37it/s]
Details:  42%|████▏     | 177/424 [00:53<00:53,  4.61it/s]
Details:  42%|████▏     | 178/424 [00:53<00:52,  4.73it/s]
Details:  42%|████▏     | 179/424 [00:53<00:49,  4.99it/s]
Details:  42%|████▏     | 180/424 [00:53<00:47,  5.09it/s]
Details:  43%|████▎     | 181/424 [00:54<00:45,  5.28it/s]
Details:  43%|████▎     | 182/424 [00:54<00:45,  5.26it/s]
Details:  43%|████▎     | 183/424 [00:54<00:45,  5.33it/s]
Details:  43%|████▎     | 184/424 [00:54<00:50,  4.80it/s]
Details:  44%|████▎     | 185/424 [00:55<01:04,  3.68it/s]
Details:  44%|████▍     | 186/424 [00:55<00:57,  4.17it/s]
Details:  44%|████▍     | 187/424 [00:55<00:54,  4.31it/s]
Details:  44%|████▍     | 188/424 [00:55<00:58,  4.01it/s]
Details:  45%|████▍     | 189/424 [00:56<01:08,  3.44it/s]
Details:  45%|████▍     | 190/424 [00:56<01:01,  3.78it/s]
Details:  45%|████▌     | 191/424 [00:56<00:55,  4.20it/s]
Details:  45%|████▌     | 192/424 [00:56<00:51,  4.47it/s]
Details:  46%|████▌     | 193/424 [00:56<00:49,  4.65it/s]
Details:  46%|████▌     | 194/424 [00:57<00:47,  4.80it/s]
Details:  46%|████▌     | 195/424 [00:57<00:50,  4.55it/s]
Details:  46%|████▌     | 196/424 [00:57<00:52,  4.30it/s]
Details:  46%|████▋     | 197/424 [00:57<00:50,  4.53it/s]
Details:  47%|████▋     | 198/424 [00:58<00:50,  4.47it/s]
Details:  47%|████▋     | 199/424 [00:58<00:47,  4.71it/s]
Details:  47%|████▋     | 200/424 [00:58<00:45,  4.97it/s]
Details:  47%|████▋     | 201/424 [00:58<00:48,  4.56it/s]
Details:  48%|████▊     | 202/424 [00:58<00:50,  4.44it/s]
Details:  48%|████▊     | 203/424 [00:59<00:45,  4.86it/s]
Details:  48%|████▊     | 204/424 [00:59<00:44,  4.90it/s]
Details:  48%|████▊     | 205/424 [00:59<00:44,  4.93it/s]
Details:  49%|████▊     | 206/424 [00:59<00:43,  5.01it/s]
Details:  49%|████▉     | 207/424 [01:00<00:53,  4.05it/s]
Details:  49%|████▉     | 208/424 [01:00<00:47,  4.54it/s]
Details:  49%|████▉     | 209/424 [01:00<00:48,  4.39it/s]
Details:  50%|████▉     | 210/424 [01:00<00:47,  4.50it/s]
Details:  50%|████▉     | 211/424 [01:00<00:43,  4.90it/s]
Details:  50%|█████     | 212/424 [01:01<01:04,  3.28it/s]
Details:  50%|█████     | 213/424 [01:01<01:03,  3.32it/s]
Details:  50%|█████     | 214/424 [01:01<01:02,  3.38it/s]
Details:  51%|█████     | 215/424 [01:02<00:55,  3.74it/s]
Details:  51%|█████     | 216/424 [01:02<00:53,  3.89it/s]
Details:  51%|█████     | 217/424 [01:02<00:51,  4.05it/s]
Details:  51%|█████▏    | 218/424 [01:02<00:52,  3.90it/s]
Details:  52%|█████▏    | 219/424 [01:03<00:48,  4.22it/s]
Details:  52%|█████▏    | 220/424 [01:03<00:47,  4.32it/s]
Details:  52%|█████▏    | 221/424 [01:03<00:44,  4.54it/s]
Details:  52%|█████▏    | 222/424 [01:03<00:43,  4.62it/s]
Details:  53%|█████▎    | 223/424 [01:03<00:43,  4.67it/s]
Details:  53%|█████▎    | 224/424 [01:04<01:05,  3.07it/s]
Details:  53%|█████▎    | 225/424 [01:04<00:59,  3.36it/s]
Details:  53%|█████▎    | 226/424 [01:04<00:54,  3.64it/s]
Details:  54%|█████▎    | 227/424 [01:05<00:48,  4.05it/s]
Details:  54%|█████▍    | 228/424 [01:05<00:44,  4.38it/s]
Details:  54%|█████▍    | 229/424 [01:05<00:44,  4.34it/s]
Details:  54%|█████▍    | 230/424 [01:05<00:42,  4.54it/s]
Details:  54%|█████▍    | 231/424 [01:06<00:58,  3.29it/s]
Details:  55%|█████▍    | 232/424 [01:06<00:52,  3.64it/s]
Details:  55%|█████▍    | 233/424 [01:06<00:47,  4.06it/s]
Details:  55%|█████▌    | 234/424 [01:07<01:17,  2.46it/s]
Details:  55%|█████▌    | 235/424 [01:07<01:03,  2.97it/s]
Details:  56%|█████▌    | 236/424 [01:07<00:54,  3.46it/s]
Details:  56%|█████▌    | 237/424 [01:07<00:48,  3.87it/s]
Details:  56%|█████▌    | 238/424 [01:08<00:43,  4.25it/s]
Details:  56%|█████▋    | 239/424 [01:08<00:40,  4.61it/s]
Details:  57%|█████▋    | 240/424 [01:08<00:38,  4.72it/s]
Details:  57%|█████▋    | 241/424 [01:08<00:37,  4.87it/s]
Details:  57%|█████▋    | 242/424 [01:08<00:39,  4.65it/s]
Details:  57%|█████▋    | 243/424 [01:09<00:37,  4.80it/s]
Details:  58%|█████▊    | 244/424 [01:09<00:35,  5.07it/s]
Details:  58%|█████▊    | 245/424 [01:09<00:59,  2.99it/s]
Details:  58%|█████▊    | 246/424 [01:10<00:53,  3.33it/s]
Details:  58%|█████▊    | 247/424 [01:10<00:47,  3.76it/s]
Details:  58%|█████▊    | 248/424 [01:10<00:42,  4.16it/s]
Details:  59%|█████▊    | 249/424 [01:10<00:48,  3.61it/s]
Details:  59%|█████▉    | 250/424 [01:11<00:44,  3.89it/s]
Details:  59%|█████▉    | 251/424 [01:11<00:43,  4.02it/s]
Details:  59%|█████▉    | 252/424 [01:11<00:56,  3.02it/s]
Details:  60%|█████▉    | 253/424 [01:12<00:49,  3.45it/s]
Details:  60%|█████▉    | 254/424 [01:12<00:44,  3.82it/s]
Details:  60%|██████    | 255/424 [01:12<00:45,  3.72it/s]
Details:  60%|██████    | 256/424 [01:12<00:52,  3.19it/s]
Details:  61%|██████    | 257/424 [01:13<00:45,  3.69it/s]
Details:  61%|██████    | 258/424 [01:13<00:38,  4.26it/s]
Details:  61%|██████    | 259/424 [01:13<00:43,  3.76it/s]
Details:  61%|██████▏   | 260/424 [01:14<01:03,  2.60it/s]
Details:  62%|██████▏   | 261/424 [01:14<00:53,  3.04it/s]
Details:  62%|██████▏   | 262/424 [01:14<00:45,  3.55it/s]
Details:  62%|██████▏   | 263/424 [01:14<00:41,  3.86it/s]
Details:  62%|██████▏   | 264/424 [01:15<01:03,  2.52it/s]
Details:  62%|██████▎   | 265/424 [01:15<00:53,  2.99it/s]
Details:  63%|██████▎   | 266/424 [01:15<00:45,  3.47it/s]
Details:  63%|██████▎   | 267/424 [01:16<00:39,  3.93it/s]
Details:  63%|██████▎   | 268/424 [01:16<00:52,  2.97it/s]
Details:  63%|██████▎   | 269/424 [01:17<00:56,  2.76it/s]
Details:  64%|██████▎   | 270/424 [01:17<00:53,  2.88it/s]
Details:  64%|██████▍   | 271/424 [01:17<00:47,  3.25it/s]
Details:  64%|██████▍   | 272/424 [01:18<01:03,  2.38it/s]
Details:  64%|██████▍   | 273/424 [01:18<00:52,  2.86it/s]
Details:  65%|██████▍   | 274/424 [01:18<00:45,  3.29it/s]
Details:  65%|██████▍   | 275/424 [01:18<00:41,  3.62it/s]
Details:  65%|██████▌   | 276/424 [01:19<01:03,  2.35it/s]
Details:  65%|██████▌   | 277/424 [01:19<01:00,  2.43it/s]
Details:  66%|██████▌   | 278/424 [01:20<00:49,  2.92it/s]
Details:  66%|██████▌   | 279/424 [01:20<01:01,  2.37it/s]
Details:  66%|██████▌   | 280/424 [01:21<01:02,  2.32it/s]
Details:  66%|██████▋   | 281/424 [01:21<00:50,  2.85it/s]
Details:  67%|██████▋   | 282/424 [01:21<00:43,  3.29it/s]
Details:  67%|██████▋   | 283/424 [01:22<00:57,  2.47it/s]
Details:  67%|██████▋   | 284/424 [01:22<00:51,  2.70it/s]
Details:  67%|██████▋   | 285/424 [01:22<00:42,  3.25it/s]
Details:  67%|██████▋   | 286/424 [01:23<00:46,  2.98it/s]
Details:  68%|██████▊   | 287/424 [01:23<00:40,  3.36it/s]
Details:  68%|██████▊   | 288/424 [01:23<00:45,  2.96it/s]
Details:  68%|██████▊   | 289/424 [01:24<00:50,  2.68it/s]
Details:  68%|██████▊   | 290/424 [01:24<00:42,  3.15it/s]
Details:  69%|██████▊   | 291/424 [01:24<00:50,  2.64it/s]
Details:  69%|██████▉   | 292/424 [01:25<00:51,  2.58it/s]
Details:  69%|██████▉   | 293/424 [01:25<00:42,  3.09it/s]
Details:  69%|██████▉   | 294/424 [01:25<00:37,  3.43it/s]
Details:  70%|██████▉   | 295/424 [01:25<00:34,  3.71it/s]
Details:  70%|██████▉   | 296/424 [01:26<00:37,  3.44it/s]
Details:  70%|███████   | 297/424 [01:26<00:33,  3.78it/s]
Details:  70%|███████   | 298/424 [01:26<00:32,  3.88it/s]
Details:  71%|███████   | 299/424 [01:26<00:30,  4.10it/s]
Details:  71%|███████   | 300/424 [01:27<00:28,  4.40it/s]
Details:  71%|███████   | 301/424 [01:27<00:26,  4.65it/s]
Details:  71%|███████   | 302/424 [01:27<00:26,  4.69it/s]
Details:  71%|███████▏  | 303/424 [01:27<00:36,  3.32it/s]
Details:  72%|███████▏  | 304/424 [01:28<00:32,  3.73it/s]
Details:  72%|███████▏  | 305/424 [01:28<00:29,  4.03it/s]
Details:  72%|███████▏  | 306/424 [01:28<00:40,  2.91it/s]
Details:  72%|███████▏  | 307/424 [01:29<00:40,  2.91it/s]
Details:  73%|███████▎  | 308/424 [01:29<00:33,  3.41it/s]
Details:  73%|███████▎  | 309/424 [01:29<00:29,  3.89it/s]
Details:  73%|███████▎  | 310/424 [01:29<00:28,  4.05it/s]
Details:  73%|███████▎  | 311/424 [01:30<00:42,  2.67it/s]
Details:  74%|███████▎  | 312/424 [01:30<00:35,  3.14it/s]
Details:  74%|███████▍  | 313/424 [01:31<00:35,  3.12it/s]
Details:  74%|███████▍  | 314/424 [01:31<00:31,  3.54it/s]
Details:  74%|███████▍  | 315/424 [01:31<00:43,  2.51it/s]
Details:  75%|███████▍  | 316/424 [01:32<00:36,  2.92it/s]
Details:  75%|███████▍  | 317/424 [01:32<00:32,  3.33it/s]
Details:  75%|███████▌  | 318/424 [01:32<00:27,  3.80it/s]
Details:  75%|███████▌  | 319/424 [01:33<00:44,  2.37it/s]
Details:  75%|███████▌  | 320/424 [01:33<00:37,  2.75it/s]
Details:  76%|███████▌  | 321/424 [01:33<00:33,  3.08it/s]
Details:  76%|███████▌  | 322/424 [01:34<00:43,  2.37it/s]
Details:  76%|███████▌  | 323/424 [01:34<00:41,  2.43it/s]
Details:  76%|███████▋  | 324/424 [01:34<00:34,  2.88it/s]
Details:  77%|███████▋  | 325/424 [01:35<00:29,  3.31it/s]
Details:  77%|███████▋  | 326/424 [01:35<00:27,  3.51it/s]
Details:  77%|███████▋  | 327/424 [01:36<00:39,  2.45it/s]
Details:  77%|███████▋  | 328/424 [01:36<00:33,  2.90it/s]
Details:  78%|███████▊  | 329/424 [01:36<00:28,  3.33it/s]
Details:  78%|███████▊  | 330/424 [01:36<00:26,  3.55it/s]
Details:  78%|███████▊  | 331/424 [01:36<00:24,  3.74it/s]
Details:  78%|███████▊  | 332/424 [01:37<00:37,  2.49it/s]
Details:  79%|███████▊  | 333/424 [01:37<00:30,  3.03it/s]
Details:  79%|███████▉  | 334/424 [01:38<00:39,  2.27it/s]
Details:  79%|███████▉  | 335/424 [01:38<00:32,  2.72it/s]
Details:  79%|███████▉  | 336/424 [01:38<00:28,  3.12it/s]
Details:  79%|███████▉  | 337/424 [01:39<00:24,  3.55it/s]
Details:  80%|███████▉  | 338/424 [01:39<00:21,  3.92it/s]
Details:  80%|███████▉  | 339/424 [01:39<00:24,  3.47it/s]
Details:  80%|████████  | 340/424 [01:40<00:28,  2.90it/s]
Details:  80%|████████  | 341/424 [01:40<00:24,  3.39it/s]
Details:  81%|████████  | 342/424 [01:40<00:21,  3.79it/s]
Details:  81%|████████  | 343/424 [01:40<00:20,  4.00it/s]
Details:  81%|████████  | 344/424 [01:40<00:18,  4.35it/s]
Details:  81%|████████▏ | 345/424 [01:41<00:25,  3.07it/s]
Details:  82%|████████▏ | 346/424 [01:41<00:23,  3.36it/s]
Details:  82%|████████▏ | 347/424 [01:41<00:20,  3.75it/s]
Details:  82%|████████▏ | 348/424 [01:42<00:18,  4.02it/s]
Details:  82%|████████▏ | 349/424 [01:42<00:27,  2.75it/s]
Details:  83%|████████▎ | 350/424 [01:43<00:24,  3.03it/s]
Details:  83%|████████▎ | 351/424 [01:43<00:21,  3.38it/s]
Details:  83%|████████▎ | 352/424 [01:43<00:18,  3.81it/s]
Details:  83%|████████▎ | 353/424 [01:44<00:26,  2.67it/s]
Details:  83%|████████▎ | 354/424 [01:44<00:24,  2.91it/s]
Details:  84%|████████▎ | 355/424 [01:44<00:20,  3.41it/s]
Details:  84%|████████▍ | 356/424 [01:44<00:18,  3.64it/s]
Details:  84%|████████▍ | 357/424 [01:44<00:16,  4.11it/s]
Details:  84%|████████▍ | 358/424 [01:45<00:22,  2.97it/s]
Details:  85%|████████▍ | 359/424 [01:45<00:18,  3.43it/s]
Details:  85%|████████▍ | 360/424 [01:45<00:16,  3.88it/s]
Details:  85%|████████▌ | 361/424 [01:46<00:15,  4.08it/s]
Details:  85%|████████▌ | 362/424 [01:46<00:14,  4.39it/s]
Details:  86%|████████▌ | 363/424 [01:46<00:13,  4.61it/s]
Details:  86%|████████▌ | 364/424 [01:46<00:12,  4.88it/s]
Details:  86%|████████▌ | 365/424 [01:47<00:17,  3.46it/s]
Details:  86%|████████▋ | 366/424 [01:47<00:15,  3.84it/s]
Details:  87%|████████▋ | 367/424 [01:47<00:13,  4.15it/s]
Details:  87%|████████▋ | 368/424 [01:48<00:23,  2.43it/s]
Details:  87%|████████▋ | 369/424 [01:48<00:19,  2.86it/s]
Details:  87%|████████▋ | 370/424 [01:48<00:19,  2.72it/s]
Details:  88%|████████▊ | 371/424 [01:49<00:17,  3.03it/s]
Details:  88%|████████▊ | 372/424 [01:49<00:14,  3.49it/s]
Details:  88%|████████▊ | 373/424 [01:49<00:13,  3.80it/s]
Details:  88%|████████▊ | 374/424 [01:49<00:11,  4.17it/s]
Details:  88%|████████▊ | 375/424 [01:49<00:11,  4.42it/s]
Details:  89%|████████▊ | 376/424 [01:50<00:10,  4.62it/s]
Details:  89%|████████▉ | 377/424 [01:50<00:10,  4.67it/s]
Details:  89%|████████▉ | 378/424 [01:51<00:18,  2.45it/s]
Details:  89%|████████▉ | 379/424 [01:51<00:15,  2.95it/s]
Details:  90%|████████▉ | 380/424 [01:51<00:13,  3.38it/s]
Details:  90%|████████▉ | 381/424 [01:52<00:17,  2.47it/s]
Details:  90%|█████████ | 382/424 [01:52<00:15,  2.77it/s]
Details:  90%|█████████ | 383/424 [01:52<00:12,  3.22it/s]
Details:  91%|█████████ | 384/424 [01:52<00:11,  3.57it/s]
Details:  91%|█████████ | 385/424 [01:53<00:13,  2.94it/s]
Details:  91%|█████████ | 386/424 [01:53<00:11,  3.44it/s]
Details:  91%|█████████▏| 387/424 [01:53<00:09,  3.88it/s]
Details:  92%|█████████▏| 388/424 [01:53<00:08,  4.27it/s]
Details:  92%|█████████▏| 389/424 [01:54<00:08,  4.28it/s]
Details:  92%|█████████▏| 390/424 [01:54<00:08,  4.18it/s]
Details:  92%|█████████▏| 391/424 [01:54<00:07,  4.26it/s]
Details:  92%|█████████▏| 392/424 [01:55<00:10,  2.94it/s]
Details:  93%|█████████▎| 393/424 [01:55<00:09,  3.39it/s]
Details:  93%|█████████▎| 394/424 [01:55<00:07,  3.81it/s]
Details:  93%|█████████▎| 395/424 [01:55<00:07,  3.95it/s]
Details:  93%|█████████▎| 396/424 [01:56<00:10,  2.78it/s]
Details:  94%|█████████▎| 397/424 [01:56<00:09,  2.98it/s]
Details:  94%|█████████▍| 398/424 [01:56<00:07,  3.41it/s]
Details:  94%|█████████▍| 399/424 [01:57<00:06,  3.73it/s]
Details:  94%|█████████▍| 400/424 [01:57<00:10,  2.40it/s]
Details:  95%|█████████▍| 401/424 [01:58<00:08,  2.66it/s]
Details:  95%|█████████▍| 402/424 [01:58<00:07,  3.03it/s]
Details:  95%|█████████▌| 403/424 [01:58<00:06,  3.24it/s]
Details:  95%|█████████▌| 404/424 [01:59<00:08,  2.23it/s]
Details:  96%|█████████▌| 405/424 [01:59<00:07,  2.71it/s]
Details:  96%|█████████▌| 406/424 [01:59<00:05,  3.15it/s]
Details:  96%|█████████▌| 407/424 [02:00<00:05,  3.28it/s]
Details:  96%|█████████▌| 408/424 [02:00<00:04,  3.63it/s]
Details:  96%|█████████▋| 409/424 [02:00<00:03,  4.01it/s]
Details:  97%|█████████▋| 410/424 [02:00<00:03,  4.21it/s]
Details:  97%|█████████▋| 411/424 [02:00<00:02,  4.46it/s]
Details:  97%|█████████▋| 412/424 [02:01<00:02,  4.63it/s]
Details:  97%|█████████▋| 413/424 [02:01<00:02,  4.38it/s]
Details:  98%|█████████▊| 414/424 [02:01<00:02,  4.77it/s]
Details:  98%|█████████▊| 415/424 [02:01<00:01,  4.78it/s]
Details:  98%|█████████▊| 416/424 [02:01<00:01,  4.78it/s]
Details:  98%|█████████▊| 417/424 [02:02<00:01,  4.61it/s]
Details:  99%|█████████▊| 418/424 [02:02<00:01,  4.83it/s]
Details:  99%|█████████▉| 419/424 [02:02<00:01,  4.73it/s]
Details:  99%|█████████▉| 420/424 [02:02<00:00,  4.94it/s]
Details:  99%|█████████▉| 421/424 [02:02<00:00,  5.11it/s]
Details: 100%|█████████▉| 422/424 [02:03<00:00,  5.18it/s]
Details: 100%|█████████▉| 423/424 [02:03<00:00,  4.06it/s]
Details: 100%|██████████| 424/424 [02:03<00:00,  4.30it/s]
Details: 100%|██████████| 424/424 [02:03<00:00,  3.43it/s]
Loaded 424 patches, grid: 26 x 24

============================================================
Processing period: 2025-04_vs_2025-10
============================================================
Generating mosaic tiles...
Building mosaic...
Saved mosaic: /workspace/outputs/aef_qwen_v5_mixed_scale/results/change_detection/mosaic_2025-04_vs_2025-10.png ((3328, 3072))
Generating detail figures...

============================================================
Processing period: 2025-06_vs_2025-10
============================================================
Generating mosaic tiles...
Building mosaic...
Saved mosaic: /workspace/outputs/aef_qwen_v5_mixed_scale/results/change_detection/mosaic_2025-06_vs_2025-10.png ((3328, 3072))
Generating detail figures...

============================================================
Processing period: 2025-08_vs_2025-10
============================================================
Generating mosaic tiles...
Building mosaic...
Saved mosaic: /workspace/outputs/aef_qwen_v5_mixed_scale/results/change_detection/mosaic_2025-08_vs_2025-10.png ((3328, 3072))
Generating detail figures...

============================================================
Processing period: 2025-04_vs_2025-06
============================================================
Generating mosaic tiles...
Building mosaic...
Saved mosaic: /workspace/outputs/aef_qwen_v5_mixed_scale/results/change_detection/mosaic_2025-04_vs_2025-06.png ((3328, 3072))
Generating detail figures...

============================================================
Processing period: 2025-06_vs_2025-08
============================================================
Generating mosaic tiles...
Building mosaic...
Saved mosaic: /workspace/outputs/aef_qwen_v5_mixed_scale/results/change_detection/mosaic_2025-06_vs_2025-08.png ((3328, 3072))
Generating detail figures...

============================================================
Processing period: 2025-08_vs_2025-09
============================================================
Generating mosaic tiles...
Building mosaic...
Saved mosaic: /workspace/outputs/aef_qwen_v5_mixed_scale/results/change_detection/mosaic_2025-08_vs_2025-09.png ((3328, 3072))
Generating detail figures...

============================================================
Processing period: 2025-09_vs_2025-10
============================================================
Generating mosaic tiles...
Building mosaic...
Saved mosaic: /workspace/outputs/aef_qwen_v5_mixed_scale/results/change_detection/mosaic_2025-09_vs_2025-10.png ((3328, 3072))
Generating detail figures...

All results saved to /workspace/outputs/aef_qwen_v5_mixed_scale/results
